Compound ID,Compound Batch ID,Set ID,Assay Date,Assay Name,Assay Type,Compound Name,Compound QC Flag,Endpoint Unit,Experiment ID,Hill,IC50 Absolute,Inflection,Location,Max,Min,Protein Batch,Protocol ID,Qualified Reported IC50,Qualifier,Reported IC50,rSquared,Signal to Background,Target,Therapeutic Area,Thumbnail,Z Prime,Cell Line,Location (2),Number results,All results,Avg IC50,StdDev,CHEMBL_ID
XYZ-000001,XYZ-000001-01,09/19/2024 - T2 & A2,9/19/2024,A2,Cell-based,XYZ-000001,PASS,nM,NB-0045-01,0.420913517,52.3343,0.000000033,,100.000000000,-11.118144035,,T2 A2,32.48,,32.5,0.943618774,0.158220783,T2,TA1,,0.667996466,Cins3522,,4,"25.78, 48.67, 36.36, 32.48",35.8,9.6,CHEMBL24236
XYZ-000001,XYZ-000001-01,09/19/2024 - T2 & A2,9/19/2024,A2,Cell-based,XYZ-000001,PASS,nM,NB-0045-01,0.456244409,48.3052,0.000000036,,100.000000000,-6.922088146,,T2 A2,36.36,,36.4,0.957996190,0.133293048,T2,TA1,,0.549018085,Cins3522,,4,"25.78, 48.67, 36.36, 32.48",35.8,9.6,CHEMBL38734
XYZ-000001,XYZ-000001-01,09/19/2024 - T2 & A2,9/19/2024,A2,Cell-based,XYZ-000001,PASS,nM,NB-0045-01,0.450721025,70.6944,0.000000049,,100.000000000,-9.163824081,,T2 A2,48.67,,48.7,0.945972085,0.162533462,T2,TA1,,0.659713745,Cins3522,,4,"25.78, 48.67, 36.36, 32.48",35.8,9.6,CHEMBL27720
XYZ-000001,XYZ-000001-01,09/19/2024 - T2 & A2,9/19/2024,A2,Cell-based,XYZ-000001,PASS,nM,NB-0045-01,0.447283477,34.7952,0.000000026,,100.000000000,-7.177643299,,T2 A2,25.78,,25.8,0.961010098,0.160406560,T2,TA1,,0.628687441,Cins3522,,4,"25.78, 48.67, 36.36, 32.48",35.8,9.6,CHEMBL25100
XYZ-000002,XYZ-000002-01,09/19/2024 - T2 & A2,9/19/2024,A2,Cell-based,XYZ-000002,PASS,nM,NB-0045-01,0.301201761,4.9088,0.000000002,,100.000000000,-20.000000000,,T2 A2,1.61,,1.6,0.901288569,0.158220783,T2,TA1,,0.667996466,Cins3522,,4,"0.93, 1.57, 1.72, 1.61",1.5,0.4,CHEMBL39653
XYZ-000002,XYZ-000002-01,09/19/2024 - T2 & A2,9/19/2024,A2,Cell-based,XYZ-000002,PASS,nM,NB-0045-01,0.313789219,5.0154,0.000000002,,100.000000000,-20.000000000,,T2 A2,1.72,,1.7,0.886522412,0.133293048,T2,TA1,,0.549018085,Cins3522,,4,"0.93, 1.57, 1.72, 1.61",1.5,0.4,CHEMBL17693
XYZ-000002,XYZ-000002-01,09/19/2024 - T2 & A2,9/19/2024,A2,Cell-based,XYZ-000002,PASS,nM,NB-0045-01,0.297032297,4.8697,0.000000002,,100.000000000,-20.000000000,,T2 A2,1.57,,1.6,0.900294781,0.162533462,T2,TA1,,0.659713745,Cins3522,,4,"0.93, 1.57, 1.72, 1.61",1.5,0.4,CHEMBL32504
XYZ-000002,XYZ-000002-01,09/19/2024 - T2 & A2,9/19/2024,A2,Cell-based,XYZ-000002,PASS,nM,NB-0045-01,0.330380678,2.5866,0.000000001,,100.000000000,-20.000000000,,T2 A2,0.93,,0.9,0.897948682,0.160406560,T2,TA1,,0.628687441,Cins3522,,4,"0.93, 1.57, 1.72, 1.61",1.5,0.4,CHEMBL12801
XYZ-000003,XYZ-000003-01,09/27/2024 - T1 & A1,9/27/2024,A1,Biochemical,XYZ-000003-01,PASS,nM,NB-0041-01,2.893193722,14.4962,0.000000015,,100.000000000,0.085072272,Protein Batch 1,T1 A1,14.50,,14.5,0.998073637,0.036791824,T1,TA1,,0.732085347,,,3,"14.50, 14.45, 9.91",13.0,2.6,CHEMBL28621
XYZ-000003,XYZ-000003-01,09/27/2024 - T1 & A1,9/27/2024,A1,Biochemical,XYZ-000003-01,PASS,nM,NB-0041-01,2.662979126,14.3964,0.000000014,,100.000000000,0.451529980,Protein Batch 1,T1 A1,14.45,,14.4,0.999026299,0.022634791,T1,TA1,,0.876119137,,,3,"14.50, 14.45, 9.91",13.0,2.6,CHEMBL24583
XYZ-000003,XYZ-000003-01,09/27/2024 - T1 & A1,9/27/2024,A1,Biochemical,XYZ-000003-01,PASS,nM,NB-0041-01,2.476466656,9.4809,0.000000010,,100.000000000,5.138201237,Protein Batch 1,T1 A1,9.91,,9.9,0.999363124,0.027070444,T1,TA1,,0.856250584,,,3,"14.50, 14.45, 9.91",13.0,2.6,CHEMBL15220
XYZ-000004,XYZ-000004-01,09/19/2024 - T2 & A2,9/19/2024,A2,Cell-based,XYZ-000004,PASS,nM,NB-0045-01,0.775069535,2003.2737,0.000001660,,100.000000000,-7.909761906,,T2 A2,1657.48,,1657.5,0.925491989,0.133293048,T2,TA1,,0.549018085,Cins3522,,1,1657.48,1657.5,,CHEMBL49993
XYZ-000005,XYZ-000005-01,09/19/2024 - T2 & A2,9/19/2024,A2,Cell-based,XYZ-000005,PASS,nM,NB-0045-01,1.182227373,8584.4482,0.000004050,,76.440773010,-14.286741257,,T2 A2,>10000.00,*,10000.0,0.900717318,0.133293048,T2,TA1,,0.549018085,Cins3522,,1,>10000.00,10000.0,,CHEMBL3821
XYZ-000006,XYZ-000006-01,09/19/2024 - T2 & A2,9/19/2024,A2,Cell-based,XYZ-000006,PASS,nM,NB-0045-01,0.691753387,946.6868,0.000000758,,100.000000000,-8.290002823,,T2 A2,758.39,,758.4,0.955197871,0.133293048,T2,TA1,,0.549018085,Cins3522,,1,758.39,758.4,,CHEMBL25120
XYZ-000007,XYZ-000007-01,09/19/2024 - T2 & A2,9/19/2024,A2,Cell-based,XYZ-000007,PASS,nM,NB-0045-01,0.869966388,3578.7893,0.000003690,,100.000000000,1.350865722,,T2 A2,>10000.00,*,10000.0,0.774991333,0.133293048,T2,TA1,,0.549018085,Cins3522,,1,>10000.00,10000.0,,CHEMBL11166
XYZ-000008,XYZ-000008-01,09/19/2024 - T2 & A2,9/19/2024,A2,Cell-based,XYZ-000008,PASS,nM,NB-0045-01,0.342998981,123547.8047,0.000427909,,120.000000000,4.286495209,,T2 A2,>10000.00,>,10000.0,0.391107142,0.133293048,T2,TA1,,0.549018085,Cins3522,,1,>10000.00,10000.0,,CHEMBL47428
XYZ-000009,XYZ-000009-01,09/19/2024 - T2 & A2,9/19/2024,A2,Cell-based,XYZ-000009,PASS,nM,NB-0045-01,0.717329323,2981.6450,0.000002270,,100.000000000,-10.827594757,,T2 A2,2268.71,,2268.7,0.961201847,0.160406560,T2,TA1,,0.628687441,Cins3522,,1,2268.71,2268.7,,CHEMBL40730
XYZ-000010,XYZ-000010-01,09/19/2024 - T2 & A2,9/19/2024,A2,Cell-based,XYZ-000010,PASS,nM,NB-0045-01,0.756911457,81042.6641,0.000061000,,100.000000000,-11.985530853,,T2 A2,>10000.00,>,10000.0,0.523439050,0.160406560,T2,TA1,,0.628687441,Cins3522,,1,>10000.00,10000.0,,CHEMBL5650
XYZ-000011,XYZ-000011-01,09/19/2024 - T2 & A2,9/19/2024,A2,Cell-based,XYZ-000011,PASS,nM,NB-0045-01,0.716659904,2948.8486,0.000002630,,100.000000000,-4.201045036,,T2 A2,2634.89,,2634.9,0.961245596,0.160406560,T2,TA1,,0.628687441,Cins3522,,1,2634.89,2634.9,,CHEMBL6027
XYZ-000012,XYZ-000012-01,09/19/2024 - T2 & A2,9/19/2024,A2,Cell-based,XYZ-000012,PASS,nM,NB-0045-01,0.082259282,.0000,0.000000000,,21.758119583,-20.000000000,,T2 A2,>10000.00,>,10000.0,0.161433205,0.160406560,T2,TA1,,0.628687441,Cins3522,,1,>10000.00,10000.0,,CHEMBL47174
XYZ-000013,XYZ-000013-01,09/19/2024 - T2 & A2,9/19/2024,A2,Cell-based,XYZ-000013,PASS,nM,NB-0045-01,1.748672247,3529.8474,0.000003690,,101.107460022,2.712539196,,T2 A2,3690.20,,3690.2,0.953827500,0.160406560,T2,TA1,,0.628687441,Cins3522,,1,3690.2,3690.2,,CHEMBL45541
XYZ-000014,XYZ-000014-01,09/19/2024 - T2 & A2,9/19/2024,A2,Cell-based,XYZ-000014,PASS,nM,NB-0045-01,0.911477804,9464.4541,0.000007540,,100.000000000,-11.495069504,,T2 A2,7542.18,,7542.2,0.907062948,0.158220783,T2,TA1,,0.667996466,Cins3522,,1,7542.18,7542.2,,CHEMBL34410
XYZ-000015,XYZ-000015-01,09/19/2024 - T2 & A2,9/19/2024,A2,Cell-based,XYZ-000015,PASS,nM,NB-0045-01,1.287795782,1055.7089,0.000001120,,113.937675476,-9.414675713,,T2 A2,1117.60,,1117.6,0.982161462,0.158220783,T2,TA1,,0.667996466,Cins3522,,1,1117.6,1117.6,,CHEMBL28431
XYZ-000016,XYZ-000016-01,09/19/2024 - T2 & A2,9/19/2024,A2,Cell-based,XYZ-000016,PASS,nM,NB-0045-01,1.470947623,4430.0488,0.000004140,,100.000000000,-5.197428703,,T2 A2,4142.00,,4142.0,0.956391573,0.158220783,T2,TA1,,0.667996466,Cins3522,,1,4142,4142.0,,CHEMBL42833
XYZ-000017,XYZ-000017-01,09/19/2024 - T2 & A2,9/19/2024,A2,Cell-based,XYZ-000017,PASS,nM,NB-0045-01,1.349198937,4024.6743,0.000004130,,100.000000000,1.772607923,,T2 A2,4133.80,,4133.8,0.858496010,0.158220783,T2,TA1,,0.667996466,Cins3522,,1,4133.8,4133.8,,CHEMBL23827
XYZ-000018,XYZ-000018-01,09/19/2024 - T2 & A2,9/19/2024,A2,Cell-based,XYZ-000018,PASS,nM,NB-0045-01,1.518053770,2585.1304,0.000002580,,100.000000000,-0.191397831,,T2 A2,2578.63,,2578.6,0.942964077,0.158220783,T2,TA1,,0.667996466,Cins3522,,1,2578.63,2578.6,,CHEMBL10475
XYZ-000019,XYZ-000019-01,09/19/2024 - T2 & A2,9/19/2024,A2,Cell-based,XYZ-000019,PASS,nM,NB-0045-01,1.331719995,5715.5835,0.000004910,,100.000000000,-11.219563484,,T2 A2,4909.54,,4909.5,0.872186899,0.162533462,T2,TA1,,0.659713745,Cins3522,,1,4909.54,4909.5,,CHEMBL18222
XYZ-000020,XYZ-000020-01,09/19/2024 - T2 & A2,9/19/2024,A2,Cell-based,XYZ-000020,PASS,nM,NB-0045-01,1.427207589,1929.3704,0.000002090,,120.000000000,-12.339546204,,T2 A2,2092.59,,2092.6,0.974944353,0.162533462,T2,TA1,,0.659713745,Cins3522,,1,2092.59,2092.6,,CHEMBL34191
XYZ-000021,XYZ-000021-01,09/19/2024 - T2 & A2,9/19/2024,A2,Cell-based,XYZ-000021,PASS,nM,NB-0045-01,1.235011458,953.7283,0.000001010,,110.946800232,-7.123009682,,T2 A2,1005.10,,1005.1,0.987567186,0.162533462,T2,TA1,,0.659713745,Cins3522,,1,1005.1,1005.1,,CHEMBL25708
XYZ-000022,XYZ-000022-01,09/27/2024 - T1 & A1,9/27/2024,A1,Biochemical,XYZ-000022-01,PASS,nM,NB-0041-01,1.220128775,1560.5510,0.000001410,,100.000000000,-6.821987152,Protein Batch 1,T1 A1,1405.25,,1405.2,0.998631120,0.036791824,T1,TA1,,0.732085347,,,3,"1494.72, 2828.38, 1405.25",1909.4,797.1,CHEMBL43229
XYZ-000022,XYZ-000022-01,09/27/2024 - T1 & A1,9/27/2024,A1,Biochemical,XYZ-000022-01,PASS,nM,NB-0041-01,1.020016551,1535.9856,0.000001490,,100.000000000,-1.408491135,Protein Batch 1,T1 A1,1494.72,,1494.7,0.998063982,0.027070444,T1,TA1,,0.856250584,,,3,"1494.72, 2828.38, 1405.25",1909.4,797.1,CHEMBL11574
XYZ-000022,XYZ-000022-01,09/27/2024 - T1 & A1,9/27/2024,A1,Biochemical,XYZ-000022-01,PASS,nM,NB-0041-01,1.307790637,2971.4595,0.000002830,,100.000000000,-3.333289385,Protein Batch 1,T1 A1,2828.38,,2828.4,0.997713447,0.022634791,T1,TA1,,0.876119137,,,3,"1494.72, 2828.38, 1405.25",1909.4,797.1,CHEMBL8674
XYZ-000023,XYZ-000023-01,09/27/2024 - T1 & A1,9/27/2024,A1,Biochemical,XYZ-000023-01,PASS,nM,NB-0041-01,1.797920704,19.6293,0.000000019,,100.000000000,-0.425662935,Protein Batch 1,T1 A1,19.54,,19.5,0.999492288,0.022634791,T1,TA1,,0.876119137,,,3,"13.00, 19.54, 10.40",14.3,4.7,CHEMBL15335
XYZ-000023,XYZ-000023-01,09/27/2024 - T1 & A1,9/27/2024,A1,Biochemical,XYZ-000023-01,PASS,nM,NB-0041-01,1.663385153,13.7382,0.000000013,,100.000000000,-4.831978798,Protein Batch 1,T1 A1,13.00,,13.0,0.998629332,0.036791824,T1,TA1,,0.732085347,,,3,"13.00, 19.54, 10.40",14.3,4.7,CHEMBL13814
XYZ-000023,XYZ-000023-01,09/27/2024 - T1 & A1,9/27/2024,A1,Biochemical,XYZ-000023-01,PASS,nM,NB-0041-01,1.511757374,10.5404,0.000000010,,100.000000000,-1.009409070,Protein Batch 1,T1 A1,10.40,,10.4,0.997974038,0.027070444,T1,TA1,,0.856250584,,,3,"13.00, 19.54, 10.40",14.3,4.7,CHEMBL21357
XYZ-000024,XYZ-000024-01,10/10/2024 - T1 & A1,10/10/2024,A1,Biochemical,XYZ-000024-01,Needs Review,nM,NB-0041-02,1.551024079,21.9476,0.000000023,,101.369476318,1.616514921,Protein Batch 1,T1 A1,22.81,,22.8,0.999592483,0.042680368,T1,TA1,,0.797605574,,,17,"28.41, 27.14, 22.95, 29.68, 24.64, 34.92, 25.38, 24.76, 24.53, 25.04, 22.81, 26.73, 20.08, 24.90, 28.35, 23.18, 26.59",25.9,3.3,CHEMBL23196
XYZ-000024,XYZ-000024-01,10/10/2024 - T1 & A1,10/10/2024,A1,Biochemical,XYZ-000024-01,Needs Review,nM,NB-0041-02,1.670912623,25.8863,0.000000025,,99.093635559,-3.299682856,Protein Batch 1,T1 A1,24.64,,24.6,0.997188389,0.040676318,T1,TA1,,0.783472240,,,17,"28.41, 27.14, 22.95, 29.68, 24.64, 34.92, 25.38, 24.76, 24.53, 25.04, 22.81, 26.73, 20.08, 24.90, 28.35, 23.18, 26.59",25.9,3.3,CHEMBL38679
XYZ-000024,XYZ-000024-01,10/16/2024 - T1 & A1,10/16/2024,A1,Biochemical,XYZ-000024-01,PASS,nM,NB-0027-02,1.618986368,32.9647,0.000000035,,100.000000000,4.447127819,Protein Batch 1,T1 A1,34.92,,34.9,0.997398615,0.029346529,T1,TA1,,0.863720775,,,17,"28.41, 27.14, 22.95, 29.68, 24.64, 34.92, 25.38, 24.76, 24.53, 25.04, 22.81, 26.73, 20.08, 24.90, 28.35, 23.18, 26.59",25.9,3.3,CHEMBL45356
XYZ-000024,XYZ-000024-01,10/16/2024 - T1 & A1,10/16/2024,A1,Biochemical,XYZ-000024-01,PASS,nM,NB-0027-02,1.694844246,23.2633,0.000000025,,100.000000000,6.859113216,Protein Batch 1,T1 A1,25.38,,25.4,0.999311328,0.036490135,T1,TA1,,0.798841357,,,17,"28.41, 27.14, 22.95, 29.68, 24.64, 34.92, 25.38, 24.76, 24.53, 25.04, 22.81, 26.73, 20.08, 24.90, 28.35, 23.18, 26.59",25.9,3.3,CHEMBL48150
XYZ-000024,XYZ-000024-01,09/27/2024 - T1 & A1,9/27/2024,A1,Biochemical,XYZ-000024-01,PASS,nM,NB-0041-01,1.940947533,23.8098,0.000000025,,100.000000000,3.647088528,Protein Batch 1,T1 A1,24.76,,24.8,0.999251604,0.036791824,T1,TA1,,0.732085347,,,17,"28.41, 27.14, 22.95, 29.68, 24.64, 34.92, 25.38, 24.76, 24.53, 25.04, 22.81, 26.73, 20.08, 24.90, 28.35, 23.18, 26.59",25.9,3.3,CHEMBL15245
XYZ-000024,XYZ-000024-01,10/16/2024 - T1 & A1,10/16/2024,A1,Biochemical,XYZ-000024-01,PASS,nM,NB-0027-02,1.793572664,25.0702,0.000000025,,100.000000000,-2.001841068,Protein Batch 1,T1 A1,24.53,,24.5,0.998363435,0.041990738,T1,TA1,,0.846460044,,,17,"28.41, 27.14, 22.95, 29.68, 24.64, 34.92, 25.38, 24.76, 24.53, 25.04, 22.81, 26.73, 20.08, 24.90, 28.35, 23.18, 26.59",25.9,3.3,CHEMBL26167
XYZ-000024,XYZ-000024-01,10/10/2024 - T1 & A1,10/10/2024,A1,Biochemical,XYZ-000024-01,Needs Review,nM,NB-0041-02,1.739160657,25.7938,0.000000027,,99.619483948,4.583723068,Protein Batch 1,T1 A1,27.14,,27.1,0.999323130,0.027867662,T1,TA1,,0.850793064,,,17,"28.41, 27.14, 22.95, 29.68, 24.64, 34.92, 25.38, 24.76, 24.53, 25.04, 22.81, 26.73, 20.08, 24.90, 28.35, 23.18, 26.59",25.9,3.3,CHEMBL48154
XYZ-000024,XYZ-000024-01,09/27/2024 - T1 & A1,9/27/2024,A1,Biochemical,XYZ-000024-01,PASS,nM,NB-0041-01,1.752899289,21.7085,0.000000025,,100.000000000,11.057287216,Protein Batch 1,T1 A1,25.04,,25.0,0.995119274,0.027070444,T1,TA1,,0.856250584,,,17,"28.41, 27.14, 22.95, 29.68, 24.64, 34.92, 25.38, 24.76, 24.53, 25.04, 22.81, 26.73, 20.08, 24.90, 28.35, 23.18, 26.59",25.9,3.3,CHEMBL35244
XYZ-000024,XYZ-000024-01,10/10/2024 - T1 & A1,10/10/2024,A1,Biochemical,XYZ-000024-01,Needs Review,nM,NB-0041-02,1.507717729,22.9131,0.000000023,,100.634719849,-0.512820899,Protein Batch 1,T1 A1,22.95,,22.9,0.998872101,0.034455199,T1,TA1,,0.788950682,,,17,"28.41, 27.14, 22.95, 29.68, 24.64, 34.92, 25.38, 24.76, 24.53, 25.04, 22.81, 26.73, 20.08, 24.90, 28.35, 23.18, 26.59",25.9,3.3,CHEMBL19573
XYZ-000024,XYZ-000024-01,10/10/2024 - T1 & A1,10/10/2024,A1,Biochemical,XYZ-000024-01,Needs Review,nM,NB-0041-02,1.557685494,19.6815,0.000000020,,99.964607239,1.573121071,Protein Batch 1,T1 A1,20.08,,20.1,0.997270346,0.030653695,T1,TA1,,0.876269400,,,17,"28.41, 27.14, 22.95, 29.68, 24.64, 34.92, 25.38, 24.76, 24.53, 25.04, 22.81, 26.73, 20.08, 24.90, 28.35, 23.18, 26.59",25.9,3.3,CHEMBL20349
XYZ-000024,XYZ-000024-01,09/27/2024 - T1 & A1,9/27/2024,A1,Biochemical,XYZ-000024-01,PASS,nM,NB-0041-01,1.616105556,25.8311,0.000000027,,100.000000000,2.686276436,Protein Batch 1,T1 A1,26.73,,26.7,0.997997284,0.022634791,T1,TA1,,0.876119137,,,17,"28.41, 27.14, 22.95, 29.68, 24.64, 34.92, 25.38, 24.76, 24.53, 25.04, 22.81, 26.73, 20.08, 24.90, 28.35, 23.18, 26.59",25.9,3.3,CHEMBL3661
XYZ-000024,XYZ-000024-01,10/16/2024 - T1 & A1,10/16/2024,A1,Biochemical,XYZ-000024-01,PASS,nM,NB-0027-02,1.697539687,28.4529,0.000000030,,100.000000000,3.448790312,Protein Batch 1,T1 A1,29.68,,29.7,0.997358620,0.026761778,T1,TA1,,0.886359990,,,17,"28.41, 27.14, 22.95, 29.68, 24.64, 34.92, 25.38, 24.76, 24.53, 25.04, 22.81, 26.73, 20.08, 24.90, 28.35, 23.18, 26.59",25.9,3.3,CHEMBL18089
XYZ-000024,XYZ-000024-01,10/10/2024 - T1 & A1,10/10/2024,A1,Biochemical,XYZ-000024-01,Needs Review,nM,NB-0041-02,1.517988324,23.3648,0.000000025,,100.667785645,4.008789063,Protein Batch 1,T1 A1,24.90,,24.9,0.999554038,0.035731789,T1,TA1,,0.812475383,,,17,"28.41, 27.14, 22.95, 29.68, 24.64, 34.92, 25.38, 24.76, 24.53, 25.04, 22.81, 26.73, 20.08, 24.90, 28.35, 23.18, 26.59",25.9,3.3,CHEMBL38445
XYZ-000024,XYZ-000024-01,10/16/2024 - T1 & A1,10/16/2024,A1,Biochemical,XYZ-000024-01,PASS,nM,NB-0027-02,1.740123749,25.1661,0.000000027,,100.000000000,4.554298401,Protein Batch 1,T1 A1,26.59,,26.6,0.998241067,0.037275907,T1,TA1,,0.819382191,,,17,"28.41, 27.14, 22.95, 29.68, 24.64, 34.92, 25.38, 24.76, 24.53, 25.04, 22.81, 26.73, 20.08, 24.90, 28.35, 23.18, 26.59",25.9,3.3,CHEMBL41334
XYZ-000024,XYZ-000024-01,10/16/2024 - T1 & A1,10/16/2024,A1,Biochemical,XYZ-000024-01,PASS,nM,NB-0027-02,1.644450426,27.1406,0.000000028,,100.000000000,3.469734907,Protein Batch 1,T1 A1,28.35,,28.4,0.998468637,0.039572041,T1,TA1,,0.807194531,,,17,"28.41, 27.14, 22.95, 29.68, 24.64, 34.92, 25.38, 24.76, 24.53, 25.04, 22.81, 26.73, 20.08, 24.90, 28.35, 23.18, 26.59",25.9,3.3,CHEMBL1825
XYZ-000024,XYZ-000024-01,10/10/2024 - T1 & A1,10/10/2024,A1,Biochemical,XYZ-000024-01,Needs Review,nM,NB-0041-02,1.671552062,33.9787,0.000000028,,98.441856384,-15.344203949,Protein Batch 1,T1 A1,28.41,,28.4,0.997521460,0.035764534,T1,TA1,,0.703314960,,,17,"28.41, 27.14, 22.95, 29.68, 24.64, 34.92, 25.38, 24.76, 24.53, 25.04, 22.81, 26.73, 20.08, 24.90, 28.35, 23.18, 26.59",25.9,3.3,CHEMBL22776
XYZ-000024,XYZ-000024-01,10/16/2024 - T1 & A1,10/16/2024,A1,Biochemical,XYZ-000024-01,PASS,nM,NB-0027-02,1.658834219,22.6656,0.000000023,,100.000000000,1.833023548,Protein Batch 1,T1 A1,23.18,,23.2,0.995535731,0.030401800,T1,TA1,,0.898608446,,,17,"28.41, 27.14, 22.95, 29.68, 24.64, 34.92, 25.38, 24.76, 24.53, 25.04, 22.81, 26.73, 20.08, 24.90, 28.35, 23.18, 26.59",25.9,3.3,CHEMBL24597
XYZ-000025,XYZ-000025-02,09/27/2024 - T1 & A1,9/27/2024,A1,Biochemical,XYZ-000025-02,PASS,nM,NB-0041-01,2.196964025,24.0687,0.000000024,,100.000000000,-1.608698487,Protein Batch 1,T1 A1,23.72,,23.7,0.998257399,0.022634791,T1,TA1,,0.876119137,,,3,"23.72, 17.07, 14.41",18.4,4.8,CHEMBL9717
XYZ-000025,XYZ-000025-02,09/27/2024 - T1 & A1,9/27/2024,A1,Biochemical,XYZ-000025-02,PASS,nM,NB-0041-01,2.332053661,14.4032,0.000000014,,100.000000000,0.041439921,Protein Batch 1,T1 A1,14.41,,14.4,0.998626769,0.027070444,T1,TA1,,0.856250584,,,3,"23.72, 17.07, 14.41",18.4,4.8,CHEMBL23217
XYZ-000025,XYZ-000025-02,09/27/2024 - T1 & A1,9/27/2024,A1,Biochemical,XYZ-000025-02,PASS,nM,NB-0041-01,2.070502996,17.9015,0.000000017,,100.000000000,-5.175811768,Protein Batch 1,T1 A1,17.07,,17.1,0.999669850,0.036791824,T1,TA1,,0.732085347,,,3,"23.72, 17.07, 14.41",18.4,4.8,CHEMBL41137
XYZ-000026,XYZ-000026-01,09/27/2024 - T1 & A1,9/27/2024,A1,Biochemical,XYZ-000026-01,PASS,nM,NB-0041-01,1.083743811,49.0710,0.000000047,,100.000000000,-2.155457020,Protein Batch 1,T1 A1,47.20,,47.2,0.999457836,0.022634791,T1,TA1,,0.876119137,,,3,"47.20, 36.67, 31.02",38.3,8.2,CHEMBL10962
XYZ-000026,XYZ-000026-01,09/27/2024 - T1 & A1,9/27/2024,A1,Biochemical,XYZ-000026-01,PASS,nM,NB-0041-01,1.087060690,30.3313,0.000000031,,100.000000000,1.199903131,Protein Batch 1,T1 A1,31.02,,31.0,0.998872221,0.036791824,T1,TA1,,0.732085347,,,3,"47.20, 36.67, 31.02",38.3,8.2,CHEMBL22342
XYZ-000026,XYZ-000026-01,09/27/2024 - T1 & A1,9/27/2024,A1,Biochemical,XYZ-000026-01,PASS,nM,NB-0041-01,1.245374560,35.4476,0.000000037,,100.000000000,2.068338633,Protein Batch 1,T1 A1,36.67,,36.7,0.998362780,0.027070444,T1,TA1,,0.856250584,,,3,"47.20, 36.67, 31.02",38.3,8.2,CHEMBL3303
XYZ-000027,XYZ-000027-01,09/27/2024 - T1 & A1,9/27/2024,A1,Biochemical,XYZ-000027-01,PASS,nM,NB-0041-01,1.024609566,993.5717,0.000000976,,100.000000000,-0.909342468,Protein Batch 1,T1 A1,976.25,,976.2,0.995661318,0.027070444,T1,TA1,,0.856250584,,,3,"976.25, 1535.96, 1022.41",1178.2,310.7,CHEMBL34255
XYZ-000027,XYZ-000027-01,09/27/2024 - T1 & A1,9/27/2024,A1,Biochemical,XYZ-000027-01,PASS,nM,NB-0041-01,1.112108231,1566.9070,0.000001540,,100.000000000,-1.121647596,Protein Batch 1,T1 A1,1535.96,,1536.0,0.994599164,0.022634791,T1,TA1,,0.876119137,,,3,"976.25, 1535.96, 1022.41",1178.2,310.7,CHEMBL38104
XYZ-000027,XYZ-000027-01,09/27/2024 - T1 & A1,9/27/2024,A1,Biochemical,XYZ-000027-01,PASS,nM,NB-0041-01,1.207589746,1087.3413,0.000001020,,100.000000000,-3.859322786,Protein Batch 1,T1 A1,1022.41,,1022.4,0.997548103,0.036791824,T1,TA1,,0.732085347,,,3,"976.25, 1535.96, 1022.41",1178.2,310.7,CHEMBL38894
XYZ-000028,XYZ-000028-01,09/27/2024 - T1 & A1,9/27/2024,A1,Biochemical,XYZ-000028-01,PASS,nM,NB-0041-01,1.673146725,14.3884,0.000000014,,100.000000000,-0.961725473,Protein Batch 1,T1 A1,14.23,,14.2,0.999775290,0.036791824,T1,TA1,,0.732085347,,,3,"12.58, 18.22, 14.23",15.0,2.9,CHEMBL39162
XYZ-000028,XYZ-000028-01,09/27/2024 - T1 & A1,9/27/2024,A1,Biochemical,XYZ-000028-01,PASS,nM,NB-0041-01,1.621793747,17.1206,0.000000018,,100.000000000,4.782303810,Protein Batch 1,T1 A1,18.22,,18.2,0.998558044,0.022634791,T1,TA1,,0.876119137,,,3,"12.58, 18.22, 14.23",15.0,2.9,CHEMBL35942
XYZ-000028,XYZ-000028-01,09/27/2024 - T1 & A1,9/27/2024,A1,Biochemical,XYZ-000028-01,PASS,nM,NB-0041-01,1.748866320,11.5063,0.000000013,,100.000000000,7.195436001,Protein Batch 1,T1 A1,12.58,,12.6,0.998459458,0.027070444,T1,TA1,,0.856250584,,,3,"12.58, 18.22, 14.23",15.0,2.9,CHEMBL15687
XYZ-000029,XYZ-000029-01,09/27/2024 - T1 & A1,9/27/2024,A1,Biochemical,XYZ-000029-01,PASS,nM,NB-0041-01,0.615761876,446.8654,0.000000317,,100.000000000,-11.732154846,Protein Batch 1,T1 A1,317.33,,317.3,0.957830966,0.036791824,T1,TA1,,0.732085347,,,3,"317.33, 207.13, 349.09",291.2,74.5,CHEMBL14522
XYZ-000029,XYZ-000029-01,09/27/2024 - T1 & A1,9/27/2024,A1,Biochemical,XYZ-000029-01,PASS,nM,NB-0041-01,0.576336086,280.3885,0.000000207,,100.000000000,-9.533647537,Protein Batch 1,T1 A1,207.13,,207.1,0.946217597,0.027070444,T1,TA1,,0.856250584,,,3,"317.33, 207.13, 349.09",291.2,74.5,CHEMBL20255
XYZ-000029,XYZ-000029-01,09/27/2024 - T1 & A1,9/27/2024,A1,Biochemical,XYZ-000029-01,PASS,nM,NB-0041-01,0.486345053,541.3369,0.000000349,,100.000000000,-11.891558647,Protein Batch 1,T1 A1,349.09,,349.1,0.937289417,0.022634791,T1,TA1,,0.876119137,,,3,"317.33, 207.13, 349.09",291.2,74.5,CHEMBL29350
XYZ-000030,XYZ-000030-01,09/27/2024 - T1 & A1,9/27/2024,A1,Biochemical,XYZ-000030-01,PASS,nM,NB-0041-01,0.951969266,192.5754,0.000000168,,100.000000000,-6.880149841,Protein Batch 1,T1 A1,168.18,,168.2,0.997290850,0.022634791,T1,TA1,,0.876119137,,,3,"130.41, 168.18, 125.40",141.3,23.4,CHEMBL25361
XYZ-000030,XYZ-000030-01,09/27/2024 - T1 & A1,9/27/2024,A1,Biochemical,XYZ-000030-01,PASS,nM,NB-0041-01,0.938982129,153.7741,0.000000130,,100.000000000,-8.365983009,Protein Batch 1,T1 A1,130.41,,130.4,0.985384941,0.036791824,T1,TA1,,0.732085347,,,3,"130.41, 168.18, 125.40",141.3,23.4,CHEMBL9078
XYZ-000030,XYZ-000030-01,09/27/2024 - T1 & A1,9/27/2024,A1,Biochemical,XYZ-000030-01,PASS,nM,NB-0041-01,1.001138210,132.6417,0.000000125,,100.000000000,-2.892301083,Protein Batch 1,T1 A1,125.40,,125.4,0.997209966,0.027070444,T1,TA1,,0.856250584,,,3,"130.41, 168.18, 125.40",141.3,23.4,CHEMBL22481
XYZ-000031,XYZ-000031-01,09/27/2024 - T1 & A1,9/27/2024,A1,Biochemical,XYZ-000031-01,PASS,nM,NB-0041-01,1.361168385,26.5093,0.000000025,,100.000000000,-5.023788452,Protein Batch 1,T1 A1,24.71,,24.7,0.999545872,0.022634791,T1,TA1,,0.876119137,,,3,"18.48, 24.71, 21.92",21.7,3.1,CHEMBL39560
XYZ-000031,XYZ-000031-01,09/27/2024 - T1 & A1,9/27/2024,A1,Biochemical,XYZ-000031-01,PASS,nM,NB-0041-01,1.493206263,23.4473,0.000000022,,100.000000000,-5.291903973,Protein Batch 1,T1 A1,21.92,,21.9,0.999557018,0.036791824,T1,TA1,,0.732085347,,,3,"18.48, 24.71, 21.92",21.7,3.1,CHEMBL3204
XYZ-000031,XYZ-000031-01,09/27/2024 - T1 & A1,9/27/2024,A1,Biochemical,XYZ-000031-01,PASS,nM,NB-0041-01,1.241991282,20.7663,0.000000018,,100.000000000,-7.813040733,Protein Batch 1,T1 A1,18.48,,18.5,0.998907804,0.027070444,T1,TA1,,0.856250584,,,3,"18.48, 24.71, 21.92",21.7,3.1,CHEMBL4763
XYZ-000032,XYZ-000032-01,09/27/2024 - T1 & A1,9/27/2024,A1,Biochemical,XYZ-000032-01,PASS,nM,NB-0041-01,1.016427398,78.4911,0.000000069,,100.000000000,-7.136275291,Protein Batch 1,T1 A1,68.84,,68.8,0.998788059,0.036791824,T1,TA1,,0.732085347,,,3,"98.75, 85.41, 68.84",84.3,15.0,CHEMBL31543
XYZ-000032,XYZ-000032-01,09/27/2024 - T1 & A1,9/27/2024,A1,Biochemical,XYZ-000032-01,PASS,nM,NB-0041-01,1.111872792,92.1993,0.000000085,,100.000000000,-4.441681862,Protein Batch 1,T1 A1,85.41,,85.4,0.999101102,0.027070444,T1,TA1,,0.856250584,,,3,"98.75, 85.41, 68.84",84.3,15.0,CHEMBL30994
XYZ-000032,XYZ-000032-01,09/27/2024 - T1 & A1,9/27/2024,A1,Biochemical,XYZ-000032-01,PASS,nM,NB-0041-01,1.024802566,111.5157,0.000000099,,100.000000000,-6.631917953,Protein Batch 1,T1 A1,98.75,,98.8,0.999288261,0.022634791,T1,TA1,,0.876119137,,,3,"98.75, 85.41, 68.84",84.3,15.0,CHEMBL46473
XYZ-000033,XYZ-000033-01,10/10/2024 - T1 & A1,10/10/2024,A1,Biochemical,XYZ-000033-01,Needs Review,nM,NB-0041-02,1.121832728,.0000,0.000000219,,-1.966140270,-8.985962868,Protein Batch 1,T1 A1,>10000.00,>,10000.0,0.902021110,0.040676318,T1,TA1,,0.783472240,,,2,">10000.00, >100000.00",55000.0,63639.6,CHEMBL11947
XYZ-000033,XYZ-000033-01,10/16/2024 - T1 & A1,10/16/2024,A1,Biochemical,XYZ-000033-01,PASS,nM,NB-0027-02,0.066196375,2719999902338777000.0000,49034872.000000000,,100.000000000,-15.220664978,Protein Batch 1,T1 A1,>100000.00,>,100000.0,0.282742649,0.037275907,T1,TA1,,0.819382191,,,2,">10000.00, >100000.00",55000.0,63639.6,CHEMBL27406
XYZ-000034,XYZ-000034-01,10/16/2024 - T1 & A1,10/16/2024,A1,Biochemical,XYZ-000034-01,PASS,nM,NB-0027-02,0.486334056,13102709.0000,0.008735313,,100.000000000,-10.898271561,Protein Batch 1,T1 A1,>100000.00,>,100000.0,0.768648982,0.037275907,T1,TA1,,0.819382191,,,2,">10000.00, >100000.00",55000.0,63639.6,CHEMBL7574
XYZ-000034,XYZ-000034-01,10/10/2024 - T1 & A1,10/10/2024,A1,Biochemical,XYZ-000034-01,Needs Review,nM,NB-0041-02,10.091440201,13788.3193,0.000014000,,120.000000000,-10.069944382,Protein Batch 1,T1 A1,>10000.00,>,10000.0,0.505563736,0.040676318,T1,TA1,,0.783472240,,,2,">10000.00, >100000.00",55000.0,63639.6,CHEMBL18360
XYZ-000035,XYZ-000035-01,10/16/2024 - T1 & A1,10/16/2024,A1,Biochemical,XYZ-000035-01,PASS,nM,NB-0027-02,1.139356613,301939.0625,0.000256920,,100.000000000,-10.098563194,Protein Batch 1,T1 A1,>100000.00,>,100000.0,0.977470756,0.037275907,T1,TA1,,0.819382191,,,2,">100000.00, >10000.00",55000.0,63639.6,CHEMBL18249
XYZ-000035,XYZ-000035-01,10/10/2024 - T1 & A1,10/10/2024,A1,Biochemical,XYZ-000035-01,Needs Review,nM,NB-0041-02,0.528159559,.0000,0.000013100,,9.424468040,-7.949394226,Protein Batch 1,T1 A1,>10000.00,>,10000.0,0.904680133,0.040676318,T1,TA1,,0.783472240,,,2,">100000.00, >10000.00",55000.0,63639.6,CHEMBL6574
XYZ-000036,XYZ-000036-01,10/16/2024 - T1 & A1,10/16/2024,A1,Biochemical,XYZ-000036-01,PASS,nM,NB-0027-02,1.058620811,535762.8125,0.000442394,,100.000000000,-11.236175537,Protein Batch 1,T1 A1,>100000.00,>,100000.0,0.951302648,0.037275907,T1,TA1,,0.819382191,,,2,">10000.00, >100000.00",55000.0,63639.6,CHEMBL45935
XYZ-000036,XYZ-000036-01,10/10/2024 - T1 & A1,10/10/2024,A1,Biochemical,XYZ-000036-01,Needs Review,nM,NB-0041-02,0.950429022,.0000,0.000000477,,-1.299494863,-6.998251438,Protein Batch 1,T1 A1,>10000.00,>,10000.0,0.688285470,0.040676318,T1,TA1,,0.783472240,,,2,">10000.00, >100000.00",55000.0,63639.6,CHEMBL29946
XYZ-000037,XYZ-000037-01,10/16/2024 - T1 & A1,10/16/2024,A1,Biochemical,XYZ-000037-01,PASS,nM,NB-0027-02,0.562014043,7585157.5000,0.005304421,,100.000000000,-11.131600380,Protein Batch 1,T1 A1,>100000.00,>,100000.0,0.747584283,0.037275907,T1,TA1,,0.819382191,,,2,">10000.00, >100000.00",55000.0,63639.6,CHEMBL14531
XYZ-000037,XYZ-000037-01,10/10/2024 - T1 & A1,10/10/2024,A1,Biochemical,XYZ-000037-01,Needs Review,nM,NB-0041-02,0.721511424,.0000,0.000000491,,3.579579353,-4.180044174,Protein Batch 1,T1 A1,>10000.00,>,10000.0,0.939740062,0.040676318,T1,TA1,,0.783472240,,,2,">10000.00, >100000.00",55000.0,63639.6,CHEMBL47427
XYZ-000038,XYZ-000038-01,10/10/2024 - T1 & A1,10/10/2024,A1,Biochemical,XYZ-000038-01,Needs Review,nM,NB-0041-02,1.655337095,.0000,0.000000272,,-2.199972868,-3.804089308,Protein Batch 1,T1 A1,>10000.00,>,10000.0,0.411590159,0.040676318,T1,TA1,,0.783472240,,,2,">100000.00, >10000.00",55000.0,63639.6,CHEMBL43497
XYZ-000038,XYZ-000038-01,10/16/2024 - T1 & A1,10/16/2024,A1,Biochemical,XYZ-000038-01,PASS,nM,NB-0027-02,2.625007153,350377.1875,0.000324330,,100.000000000,-11.239862442,Protein Batch 1,T1 A1,>100000.00,>,100000.0,0.372435182,0.037275907,T1,TA1,,0.819382191,,,2,">100000.00, >10000.00",55000.0,63639.6,CHEMBL18756
XYZ-000039,XYZ-000039-01,10/16/2024 - T1 & A1,10/16/2024,A1,Biochemical,XYZ-000039-01,PASS,nM,NB-0027-02,1.983392239,370171.8750,0.000353688,,100.000000000,-4.727604866,Protein Batch 1,T1 A1,>100000.00,>,100000.0,0.495657533,0.037275907,T1,TA1,,0.819382191,,,2,">100000.00, >10000.00",55000.0,63639.6,CHEMBL20851
XYZ-000039,XYZ-000039-01,10/10/2024 - T1 & A1,10/10/2024,A1,Biochemical,XYZ-000039-01,Needs Review,nM,NB-0041-02,13.801934242,.0000,0.000000973,,5.401426315,2.869098186,Protein Batch 1,T1 A1,>10000.00,>,10000.0,0.239424452,0.040676318,T1,TA1,,0.783472240,,,2,">100000.00, >10000.00",55000.0,63639.6,CHEMBL16509
XYZ-000040,XYZ-000040-01,10/10/2024 - T1 & A1,10/10/2024,A1,Biochemical,XYZ-000040-01,Needs Review,nM,NB-0041-02,-0.095191032,.0000,0.000000003,,20.507530212,-20.000000000,Protein Batch 1,T1 A1,>10000.00,>,10000.0,0.081110999,0.040676318,T1,TA1,,0.783472240,,,2,">10000.00, >100000.00",55000.0,63639.6,CHEMBL25671
XYZ-000040,XYZ-000040-01,10/16/2024 - T1 & A1,10/16/2024,A1,Biochemical,XYZ-000040-01,PASS,nM,NB-0027-02,0.751935899,11826252.0000,0.012866758,,100.000000000,3.071940660,Protein Batch 1,T1 A1,>100000.00,>,100000.0,0.055755533,0.037275907,T1,TA1,,0.819382191,,,2,">10000.00, >100000.00",55000.0,63639.6,CHEMBL21743
XYZ-000041,XYZ-000041-01,10/16/2024 - T1 & A1,10/16/2024,A1,Biochemical,XYZ-000041-01,PASS,nM,NB-0027-02,-0.052183542,.0000,0.000000000,,100.000000000,-20.000000000,Protein Batch 1,T1 A1,>100000.00,>,100000.0,0.683874667,0.037275907,T1,TA1,,0.819382191,,,2,">10000.00, >100000.00",55000.0,63639.6,CHEMBL48107
XYZ-000041,XYZ-000041-01,10/10/2024 - T1 & A1,10/10/2024,A1,Biochemical,XYZ-000041-01,Needs Review,nM,NB-0041-02,20.529489517,.0000,0.000000016,,-20.004173279,-17.798437119,Protein Batch 1,T1 A1,>10000.00,>,10000.0,0.700414538,0.040676318,T1,TA1,,0.783472240,,,2,">10000.00, >100000.00",55000.0,63639.6,CHEMBL47909
XYZ-000042,XYZ-000042-01,10/16/2024 - T1 & A1,10/16/2024,A1,Biochemical,XYZ-000042-01,PASS,nM,NB-0027-02,-0.084074855,.0000,0.000000000,,100.000000000,-20.000000000,Protein Batch 1,T1 A1,>100000.00,>,100000.0,0.865624607,0.037275907,T1,TA1,,0.819382191,,,2,">100000.00, >10000.00",55000.0,63639.6,CHEMBL42188
XYZ-000042,XYZ-000042-01,10/10/2024 - T1 & A1,10/10/2024,A1,Biochemical,XYZ-000042-01,Needs Review,nM,NB-0041-02,-2.272337198,.0000,0.000000071,,-6.421940804,-9.228899956,Protein Batch 1,T1 A1,>10000.00,>,10000.0,0.814337313,0.040676318,T1,TA1,,0.783472240,,,2,">100000.00, >10000.00",55000.0,63639.6,CHEMBL14954
XYZ-000043,XYZ-000043-01,10/10/2024 - T1 & A1,10/10/2024,A1,Biochemical,XYZ-000043-01,Needs Review,nM,NB-0041-02,-5.738115311,.0000,0.000000031,,-4.131485462,-7.862820625,Protein Batch 1,T1 A1,>10000.00,>,10000.0,0.750669658,0.040676318,T1,TA1,,0.783472240,,,2,">10000.00, >100000.00",55000.0,63639.6,CHEMBL46436
XYZ-000043,XYZ-000043-01,10/16/2024 - T1 & A1,10/16/2024,A1,Biochemical,XYZ-000043-01,PASS,nM,NB-0027-02,-0.152671397,.0000,0.000000000,,100.000000000,-14.104397774,Protein Batch 1,T1 A1,>100000.00,>,100000.0,0.844989240,0.037275907,T1,TA1,,0.819382191,,,2,">10000.00, >100000.00",55000.0,63639.6,CHEMBL32062
XYZ-000044,XYZ-000044-01,10/10/2024 - T1 & A1,10/10/2024,A1,Biochemical,XYZ-000044-01,Needs Review,nM,NB-0041-02,-0.764400840,.0000,0.000000007,,-1.389963865,-6.499338627,Protein Batch 1,T1 A1,>10000.00,>,10000.0,0.680387557,0.040676318,T1,TA1,,0.783472240,,,2,">100000.00, >10000.00",55000.0,63639.6,CHEMBL34443
XYZ-000044,XYZ-000044-01,10/16/2024 - T1 & A1,10/16/2024,A1,Biochemical,XYZ-000044-01,PASS,nM,NB-0027-02,-0.118463367,.0000,0.000000000,,100.000000000,-13.937546730,Protein Batch 1,T1 A1,>100000.00,>,100000.0,0.775940120,0.037275907,T1,TA1,,0.819382191,,,2,">100000.00, >10000.00",55000.0,63639.6,CHEMBL46146
XYZ-000045,XYZ-000045-01,10/10/2024 - T1 & A1,10/10/2024,A1,Biochemical,XYZ-000045-01,Needs Review,nM,NB-0041-02,-0.763161004,.0000,0.000000000,,7.906910896,-3.978652477,Protein Batch 1,T1 A1,>10000.00,>,10000.0,0.753362119,0.040676318,T1,TA1,,0.783472240,,,2,">100000.00, >10000.00",55000.0,63639.6,CHEMBL21247
XYZ-000045,XYZ-000045-01,10/16/2024 - T1 & A1,10/16/2024,A1,Biochemical,XYZ-000045-01,PASS,nM,NB-0027-02,26.342197418,220303.0938,0.000219272,,100.000000000,-6.573866844,Protein Batch 1,T1 A1,>100000.00,>,100000.0,-0.000000000,0.037275907,T1,TA1,,0.819382191,,,2,">100000.00, >10000.00",55000.0,63639.6,CHEMBL13352
XYZ-000046,XYZ-000046-01,10/16/2024 - T1 & A1,10/16/2024,A1,Biochemical,XYZ-000046-01,PASS,nM,NB-0027-02,11.768187523,137965.6406,0.000136273,,100.000000000,-7.815899849,Protein Batch 1,T1 A1,>100000.00,>,100000.0,0.093558028,0.037275907,T1,TA1,,0.819382191,,,2,">100000.00, >10000.00",55000.0,63639.6,CHEMBL19740
XYZ-000046,XYZ-000046-01,10/10/2024 - T1 & A1,10/10/2024,A1,Biochemical,XYZ-000046-01,Needs Review,nM,NB-0041-02,-0.563358307,.0008,0.000000000,,83.008018494,-5.185850620,Protein Batch 1,T1 A1,>10000.00,>,10000.0,0.516744792,0.040676318,T1,TA1,,0.783472240,,,2,">100000.00, >10000.00",55000.0,63639.6,CHEMBL2539
XYZ-000047,XYZ-000047-01,10/16/2024 - T1 & A1,10/16/2024,A1,Biochemical,XYZ-000047-01,PASS,nM,NB-0027-02,-0.143126532,.0000,0.000000000,,100.000000000,-8.611412048,Protein Batch 1,T1 A1,>100000.00,>,100000.0,0.560953677,0.037275907,T1,TA1,,0.819382191,,,2,">100000.00, >10000.00",55000.0,63639.6,CHEMBL47979
XYZ-000047,XYZ-000047-01,10/10/2024 - T1 & A1,10/10/2024,A1,Biochemical,XYZ-000047-01,Needs Review,nM,NB-0041-02,-9.246253014,.3218,0.000000000,,120.000000000,3.582373619,Protein Batch 1,T1 A1,>10000.00,>,10000.0,0.060114119,0.040676318,T1,TA1,,0.783472240,,,2,">100000.00, >10000.00",55000.0,63639.6,CHEMBL3749
XYZ-000048,XYZ-000048-01,10/10/2024 - T1 & A1,10/10/2024,A1,Biochemical,XYZ-000048-01,Needs Review,nM,NB-0041-02,0.008288759,.0000,0.000000000,,1.894765258,-8.823213577,Protein Batch 1,T1 A1,>10000.00,>,10000.0,0.005546126,0.034455199,T1,TA1,,0.788950682,,,2,">100000.00, >10000.00",55000.0,63639.6,CHEMBL42053
XYZ-000048,XYZ-000048-01,10/16/2024 - T1 & A1,10/16/2024,A1,Biochemical,XYZ-000048-01,PASS,nM,NB-0027-02,11.246881485,143286.2656,0.000143624,,100.000000000,1.308287263,Protein Batch 1,T1 A1,>100000.00,>,100000.0,0.029725967,0.041990738,T1,TA1,,0.846460044,,,2,">100000.00, >10000.00",55000.0,63639.6,CHEMBL13363
XYZ-000049,XYZ-000049-01,10/16/2024 - T1 & A1,10/16/2024,A1,Biochemical,XYZ-000049-01,PASS,nM,NB-0027-02,0.116143957,82499999014544470000.0000,33089775616.000000000,,100.000000000,-5.593985081,Protein Batch 1,T1 A1,>100000.00,>,100000.0,0.066291913,0.041990738,T1,TA1,,0.846460044,,,2,">10000.00, >100000.00",55000.0,63639.6,CHEMBL27175
XYZ-000049,XYZ-000049-01,10/10/2024 - T1 & A1,10/10/2024,A1,Biochemical,XYZ-000049-01,Needs Review,nM,NB-0041-02,0.001289725,.0000,0.000000009,,3.325542927,-14.853772163,Protein Batch 1,T1 A1,>10000.00,>,10000.0,0.000291296,0.034455199,T1,TA1,,0.788950682,,,2,">10000.00, >100000.00",55000.0,63639.6,CHEMBL15575
XYZ-000050,XYZ-000050-01,10/16/2024 - T1 & A1,10/16/2024,A1,Biochemical,XYZ-000050-01,PASS,nM,NB-0027-02,2.298855066,684589.9375,0.000651102,,100.000000000,-6.110370159,Protein Batch 1,T1 A1,>100000.00,>,100000.0,0.146223113,0.041990738,T1,TA1,,0.846460044,,,2,">10000.00, >100000.00",55000.0,63639.6,CHEMBL39929
XYZ-000050,XYZ-000050-01,10/10/2024 - T1 & A1,10/10/2024,A1,Biochemical,XYZ-000050-01,Needs Review,nM,NB-0041-02,-0.619443119,.0005,0.000000000,,120.000000000,-6.900526047,Protein Batch 1,T1 A1,>10000.00,>,10000.0,0.106393754,0.034455199,T1,TA1,,0.788950682,,,2,">10000.00, >100000.00",55000.0,63639.6,CHEMBL12892
XYZ-000051,XYZ-000051-01,10/10/2024 - T1 & A1,10/10/2024,A1,Biochemical,XYZ-000051-01,Needs Review,nM,NB-0041-02,-13.138872147,.0000,0.000012100,,-2.938723564,17.013633728,Protein Batch 1,T1 A1,>10000.00,>,10000.0,0.070990294,0.034455199,T1,TA1,,0.788950682,,,2,">100000.00, >10000.00",55000.0,63639.6,CHEMBL6888
XYZ-000051,XYZ-000051-01,10/16/2024 - T1 & A1,10/16/2024,A1,Biochemical,XYZ-000051-01,PASS,nM,NB-0027-02,0.398208618,39198380.0000,0.028986309,,100.000000000,-6.385220051,Protein Batch 1,T1 A1,>100000.00,>,100000.0,0.772839427,0.041990738,T1,TA1,,0.846460044,,,2,">100000.00, >10000.00",55000.0,63639.6,CHEMBL32128
XYZ-000052,XYZ-000052-01,10/16/2024 - T1 & A1,10/16/2024,A1,Biochemical,XYZ-000052-01,PASS,nM,NB-0027-02,1.327281594,603902.6875,0.000570512,,100.000000000,-3.920870543,Protein Batch 1,T1 A1,>100000.00,>,100000.0,0.647985101,0.041990738,T1,TA1,,0.846460044,,,2,">10000.00, >100000.00",55000.0,63639.6,CHEMBL2068
XYZ-000052,XYZ-000052-01,10/10/2024 - T1 & A1,10/10/2024,A1,Biochemical,XYZ-000052-01,Needs Review,nM,NB-0041-02,10.907354355,.0000,0.000003640,,1.368323326,-0.965484858,Protein Batch 1,T1 A1,>10000.00,>,10000.0,0.207518145,0.034455199,T1,TA1,,0.788950682,,,2,">10000.00, >100000.00",55000.0,63639.6,CHEMBL16191
XYZ-000053,XYZ-000053-01,10/16/2024 - T1 & A1,10/16/2024,A1,Biochemical,XYZ-000053-01,PASS,nM,NB-0027-02,0.583701134,16687553.0000,0.013118934,,100.000000000,-7.539135456,Protein Batch 1,T1 A1,>100000.00,>,100000.0,0.451625884,0.041990738,T1,TA1,,0.846460044,,,2,">10000.00, >100000.00",55000.0,63639.6,CHEMBL28711
XYZ-000053,XYZ-000053-01,10/10/2024 - T1 & A1,10/10/2024,A1,Biochemical,XYZ-000053-01,Needs Review,nM,NB-0041-02,-15.037191391,.0000,0.000000368,,0.724928498,-1.497656941,Protein Batch 1,T1 A1,>10000.00,>,10000.0,0.227773324,0.034455199,T1,TA1,,0.788950682,,,2,">10000.00, >100000.00",55000.0,63639.6,CHEMBL42781
XYZ-000054,XYZ-000054-01,10/16/2024 - T1 & A1,10/16/2024,A1,Biochemical,XYZ-000054-01,PASS,nM,NB-0027-02,0.509935021,110590296.0000,0.102309428,,100.000000000,-2.024330854,Protein Batch 1,T1 A1,>100000.00,>,100000.0,0.090859510,0.041990738,T1,TA1,,0.846460044,,,2,">100000.00, >10000.00",55000.0,63639.6,CHEMBL1614
XYZ-000054,XYZ-000054-01,10/10/2024 - T1 & A1,10/10/2024,A1,Biochemical,XYZ-000054-01,Needs Review,nM,NB-0041-02,-2.207758188,.0000,0.000001940,,8.775517464,5.269280910,Protein Batch 1,T1 A1,>10000.00,>,10000.0,0.245073110,0.034455199,T1,TA1,,0.788950682,,,2,">100000.00, >10000.00",55000.0,63639.6,CHEMBL12378
XYZ-000055,XYZ-000055-01,10/16/2024 - T1 & A1,10/16/2024,A1,Biochemical,XYZ-000055-01,PASS,nM,NB-0027-02,1.067698598,4484123.0000,0.004510461,,100.000000000,0.311666399,Protein Batch 1,T1 A1,>100000.00,>,100000.0,0.065404221,0.041990738,T1,TA1,,0.846460044,,,2,">100000.00, >10000.00",55000.0,63639.6,CHEMBL16706
XYZ-000055,XYZ-000055-01,10/10/2024 - T1 & A1,10/10/2024,A1,Biochemical,XYZ-000055-01,Needs Review,nM,NB-0041-02,0.176593438,.0000,0.006927013,,26.660882950,-12.542034149,Protein Batch 1,T1 A1,>10000.00,>,10000.0,0.860339463,0.034455199,T1,TA1,,0.788950682,,,2,">100000.00, >10000.00",55000.0,63639.6,CHEMBL14831
XYZ-000056,XYZ-000056-01,10/16/2024 - T1 & A1,10/16/2024,A1,Biochemical,XYZ-000056-01,PASS,nM,NB-0027-02,14.069676399,526991.2500,0.000530290,,100.000000000,4.202353001,Protein Batch 1,T1 A1,>100000.00,>,100000.0,-0.000000000,0.041990738,T1,TA1,,0.846460044,,,2,">100000.00, >10000.00",55000.0,63639.6,CHEMBL15973
XYZ-000056,XYZ-000056-01,10/10/2024 - T1 & A1,10/10/2024,A1,Biochemical,XYZ-000056-01,Needs Review,nM,NB-0041-02,-2.612455606,.0000,0.000000026,,-15.088825226,-17.566179276,Protein Batch 1,T1 A1,>10000.00,>,10000.0,0.597182035,0.034455199,T1,TA1,,0.788950682,,,2,">100000.00, >10000.00",55000.0,63639.6,CHEMBL1264
XYZ-000057,XYZ-000057-01,10/10/2024 - T1 & A1,10/10/2024,A1,Biochemical,XYZ-000057-01,Needs Review,nM,NB-0041-02,-19.039962769,.0000,0.000000119,,-2.092980385,-5.895598888,Protein Batch 1,T1 A1,>10000.00,>,10000.0,0.624161243,0.034455199,T1,TA1,,0.788950682,,,2,">100000.00, >10000.00",55000.0,63639.6,CHEMBL38555
XYZ-000057,XYZ-000057-01,10/16/2024 - T1 & A1,10/16/2024,A1,Biochemical,XYZ-000057-01,PASS,nM,NB-0027-02,13.017480850,146390.9531,0.000146273,,100.000000000,-0.526731789,Protein Batch 1,T1 A1,>100000.00,>,100000.0,0.020739157,0.041990738,T1,TA1,,0.846460044,,,2,">100000.00, >10000.00",55000.0,63639.6,CHEMBL2048
XYZ-000058,XYZ-000058-01,10/16/2024 - T1 & A1,10/16/2024,A1,Biochemical,XYZ-000058-01,PASS,nM,NB-0027-02,17.876934052,506018.3125,0.000506016,,100.000000000,-0.004522695,Protein Batch 1,T1 A1,>100000.00,>,100000.0,-0.000000000,0.041990738,T1,TA1,,0.846460044,,,2,">100000.00, >10000.00",55000.0,63639.6,CHEMBL38920
XYZ-000058,XYZ-000058-01,10/10/2024 - T1 & A1,10/10/2024,A1,Biochemical,XYZ-000058-01,Needs Review,nM,NB-0041-02,-0.346588522,.0000,0.000000011,,4.749821663,-6.975012779,Protein Batch 1,T1 A1,>10000.00,>,10000.0,0.854816377,0.034455199,T1,TA1,,0.788950682,,,2,">100000.00, >10000.00",55000.0,63639.6,CHEMBL15671
XYZ-000059,XYZ-000059-01,10/10/2024 - T1 & A1,10/10/2024,A1,Biochemical,XYZ-000059-01,Needs Review,nM,NB-0041-02,-16.805551529,.0000,0.000000012,,4.767201900,-2.538401127,Protein Batch 1,T1 A1,>10000.00,>,10000.0,0.804792881,0.034455199,T1,TA1,,0.788950682,,,2,">100000.00, >10000.00",55000.0,63639.6,CHEMBL11148
XYZ-000059,XYZ-000059-01,10/16/2024 - T1 & A1,10/16/2024,A1,Biochemical,XYZ-000059-01,PASS,nM,NB-0027-02,-11.982077599,3.1211,0.000000003,,100.000000000,0.048565343,Protein Batch 1,T1 A1,>100000.00,>,100000.0,0.010659845,0.041990738,T1,TA1,,0.846460044,,,2,">100000.00, >10000.00",55000.0,63639.6,CHEMBL33015
XYZ-000060,XYZ-000060-01,10/10/2024 - T1 & A1,10/10/2024,A1,Biochemical,XYZ-000060-01,Needs Review,nM,NB-0041-02,-17.371301651,.0000,0.000000013,,2.043922663,-2.392018795,Protein Batch 1,T1 A1,>10000.00,>,10000.0,0.665270925,0.034455199,T1,TA1,,0.788950682,,,2,">10000.00, >100000.00",55000.0,63639.6,CHEMBL6809
XYZ-000060,XYZ-000060-01,10/16/2024 - T1 & A1,10/16/2024,A1,Biochemical,XYZ-000060-01,PASS,nM,NB-0027-02,0.485660225,41042176.0000,0.036886152,,100.000000000,-2.660940409,Protein Batch 1,T1 A1,>100000.00,>,100000.0,0.581882000,0.041990738,T1,TA1,,0.846460044,,,2,">10000.00, >100000.00",55000.0,63639.6,CHEMBL2123
XYZ-000061,XYZ-000061-01,10/10/2024 - T1 & A1,10/10/2024,A1,Biochemical,XYZ-000061-01,Needs Review,nM,NB-0041-02,-2.278684139,.0000,0.000000013,,1.871515989,-1.326814413,Protein Batch 1,T1 A1,>10000.00,>,10000.0,0.370395482,0.034455199,T1,TA1,,0.788950682,,,2,">100000.00, >10000.00",55000.0,63639.6,CHEMBL4020
XYZ-000061,XYZ-000061-01,10/16/2024 - T1 & A1,10/16/2024,A1,Biochemical,XYZ-000061-01,PASS,nM,NB-0027-02,11.528651237,137727.0000,0.000137012,,100.000000000,-3.093458176,Protein Batch 1,T1 A1,>100000.00,>,100000.0,0.328705847,0.041990738,T1,TA1,,0.846460044,,,2,">100000.00, >10000.00",55000.0,63639.6,CHEMBL12907
XYZ-000062,XYZ-000062-01,10/10/2024 - T1 & A1,10/10/2024,A1,Biochemical,XYZ-000062-01,Needs Review,nM,NB-0041-02,-2.045915604,.0000,0.000000040,,9.830566406,7.241338253,Protein Batch 1,T1 A1,>10000.00,>,10000.0,0.204257384,0.034455199,T1,TA1,,0.788950682,,,2,">100000.00, >10000.00",55000.0,63639.6,CHEMBL24748
XYZ-000062,XYZ-000062-01,10/16/2024 - T1 & A1,10/16/2024,A1,Biochemical,XYZ-000062-01,PASS,nM,NB-0027-02,2.987548828,238859.7031,0.000239784,,100.000000000,0.573407710,Protein Batch 1,T1 A1,>100000.00,>,100000.0,0.714101672,0.041990738,T1,TA1,,0.846460044,,,2,">100000.00, >10000.00",55000.0,63639.6,CHEMBL2127
XYZ-000063,XYZ-000063-01,10/16/2024 - T1 & A1,10/16/2024,A1,Biochemical,XYZ-000063-01,PASS,nM,NB-0027-02,0.876277506,346841.0625,0.000365478,,100.000000000,2.241356373,Protein Batch 1,T1 A1,>100000.00,>,100000.0,0.952321351,0.039572041,T1,TA1,,0.807194531,,,2,">10000.00, >100000.00",55000.0,63639.6,CHEMBL25223
XYZ-000063,XYZ-000063-01,10/10/2024 - T1 & A1,10/10/2024,A1,Biochemical,XYZ-000063-01,Needs Review,nM,NB-0041-02,-19.992570877,.0000,0.000010400,,-17.839239120,-9.771462440,Protein Batch 1,T1 A1,>10000.00,>,10000.0,0.095238701,0.035764534,T1,TA1,,0.703314960,,,2,">10000.00, >100000.00",55000.0,63639.6,CHEMBL21482
XYZ-000064,XYZ-000064-01,10/16/2024 - T1 & A1,10/16/2024,A1,Biochemical,XYZ-000064-01,PASS,nM,NB-0027-02,13.314335823,128158.9297,0.000127390,,100.000000000,-4.172708988,Protein Batch 1,T1 A1,>100000.00,>,100000.0,0.289613068,0.039572041,T1,TA1,,0.807194531,,,2,">100000.00, >10000.00",55000.0,63639.6,CHEMBL43859
XYZ-000064,XYZ-000064-01,10/10/2024 - T1 & A1,10/10/2024,A1,Biochemical,XYZ-000064-01,Needs Review,nM,NB-0041-02,0.723226666,.0000,0.000000000,,-10.730351448,-20.000000000,Protein Batch 1,T1 A1,>10000.00,>,10000.0,0.044948839,0.035764534,T1,TA1,,0.703314960,,,2,">100000.00, >10000.00",55000.0,63639.6,CHEMBL42907
XYZ-000065,XYZ-000065-01,10/10/2024 - T1 & A1,10/10/2024,A1,Biochemical,XYZ-000065-01,Needs Review,nM,NB-0041-02,-0.831996083,.0414,0.000000000,,120.000000000,-10.600655556,Protein Batch 1,T1 A1,>10000.00,>,10000.0,0.565533042,0.035764534,T1,TA1,,0.703314960,,,2,">10000.00, >100000.00",55000.0,63639.6,CHEMBL36977
XYZ-000065,XYZ-000065-01,10/16/2024 - T1 & A1,10/16/2024,A1,Biochemical,XYZ-000065-01,PASS,nM,NB-0027-02,1.494989872,164212.0156,0.000164699,,100.000000000,0.220991030,Protein Batch 1,T1 A1,>100000.00,>,100000.0,0.952822506,0.039572041,T1,TA1,,0.807194531,,,2,">10000.00, >100000.00",55000.0,63639.6,CHEMBL32359
XYZ-000066,XYZ-000066-01,10/10/2024 - T1 & A1,10/10/2024,A1,Biochemical,XYZ-000066-01,Needs Review,nM,NB-0041-02,-0.372777402,.0000,0.000000006,,-3.605288029,-8.091965675,Protein Batch 1,T1 A1,>10000.00,>,10000.0,0.260209262,0.035764534,T1,TA1,,0.703314960,,,2,">10000.00, >100000.00",55000.0,63639.6,CHEMBL8384
XYZ-000066,XYZ-000066-01,10/16/2024 - T1 & A1,10/16/2024,A1,Biochemical,XYZ-000066-01,PASS,nM,NB-0027-02,12.601057053,132446.7656,0.000131253,,100.000000000,-6.043994427,Protein Batch 1,T1 A1,>100000.00,>,100000.0,0.167519122,0.039572041,T1,TA1,,0.807194531,,,2,">10000.00, >100000.00",55000.0,63639.6,CHEMBL49722
XYZ-000067,XYZ-000067-01,10/16/2024 - T1 & A1,10/16/2024,A1,Biochemical,XYZ-000067-01,PASS,nM,NB-0027-02,11.769757271,141479.7813,0.000140214,,100.000000000,-5.580876827,Protein Batch 1,T1 A1,>100000.00,>,100000.0,0.074510038,0.039572041,T1,TA1,,0.807194531,,,2,">10000.00, >100000.00",55000.0,63639.6,CHEMBL13315
XYZ-000067,XYZ-000067-01,10/10/2024 - T1 & A1,10/10/2024,A1,Biochemical,XYZ-000067-01,Needs Review,nM,NB-0041-02,-0.387220085,.0000,0.000000000,,1.028823376,-4.798294067,Protein Batch 1,T1 A1,>10000.00,>,10000.0,0.323287576,0.035764534,T1,TA1,,0.703314960,,,2,">10000.00, >100000.00",55000.0,63639.6,CHEMBL23994
XYZ-000068,XYZ-000068-01,10/10/2024 - T1 & A1,10/10/2024,A1,Biochemical,XYZ-000068-01,Needs Review,nM,NB-0041-02,-0.009413903,.0000,0.000000000,,4.653896332,-11.168612480,Protein Batch 1,T1 A1,>10000.00,>,10000.0,0.005026527,0.035764534,T1,TA1,,0.703314960,,,2,">10000.00, >100000.00",55000.0,63639.6,CHEMBL3022
XYZ-000068,XYZ-000068-01,10/16/2024 - T1 & A1,10/16/2024,A1,Biochemical,XYZ-000068-01,PASS,nM,NB-0027-02,1.864216924,230916.9688,0.000216766,,100.000000000,-6.256193638,Protein Batch 1,T1 A1,>100000.00,>,100000.0,0.815503240,0.039572041,T1,TA1,,0.807194531,,,2,">10000.00, >100000.00",55000.0,63639.6,CHEMBL24784
XYZ-000069,XYZ-000069-01,10/10/2024 - T1 & A1,10/10/2024,A1,Biochemical,XYZ-000069-01,Needs Review,nM,NB-0041-02,-17.272485733,.0000,0.000000001,,6.428685188,3.633811235,Protein Batch 1,T1 A1,>10000.00,>,10000.0,0.212755531,0.035764534,T1,TA1,,0.703314960,,,2,">10000.00, >100000.00",55000.0,63639.6,CHEMBL40595
XYZ-000069,XYZ-000069-01,10/16/2024 - T1 & A1,10/16/2024,A1,Biochemical,XYZ-000069-01,PASS,nM,NB-0027-02,22.072292328,279076.1875,0.000279530,,100.000000000,1.761744738,Protein Batch 1,T1 A1,>100000.00,>,100000.0,-0.000000000,0.039572041,T1,TA1,,0.807194531,,,2,">10000.00, >100000.00",55000.0,63639.6,CHEMBL27661
XYZ-000070,XYZ-000070-01,10/10/2024 - T1 & A1,10/10/2024,A1,Biochemical,XYZ-000070-01,Needs Review,nM,NB-0041-02,-14.870763779,.0000,0.000000004,,-3.989015579,-6.669814587,Protein Batch 1,T1 A1,>10000.00,>,10000.0,0.363420397,0.035764534,T1,TA1,,0.703314960,,,2,">100000.00, >10000.00",55000.0,63639.6,CHEMBL8028
XYZ-000070,XYZ-000070-01,10/16/2024 - T1 & A1,10/16/2024,A1,Biochemical,XYZ-000070-01,PASS,nM,NB-0027-02,0.673256218,5707510.5000,0.005771705,,100.000000000,0.375092059,Protein Batch 1,T1 A1,>100000.00,>,100000.0,0.790264904,0.039572041,T1,TA1,,0.807194531,,,2,">100000.00, >10000.00",55000.0,63639.6,CHEMBL6783
XYZ-000071,XYZ-000071-01,10/16/2024 - T1 & A1,10/16/2024,A1,Biochemical,XYZ-000071-01,PASS,nM,NB-0027-02,-0.150132179,.0000,0.000000000,,100.000000000,-0.894431889,Protein Batch 1,T1 A1,>100000.00,>,100000.0,0.515964687,0.039572041,T1,TA1,,0.807194531,,,2,">100000.00, >10000.00",55000.0,63639.6,CHEMBL21644
XYZ-000071,XYZ-000071-01,10/10/2024 - T1 & A1,10/10/2024,A1,Biochemical,XYZ-000071-01,Needs Review,nM,NB-0041-02,-3.397073269,.0000,0.000000005,,-2.008964062,-6.754697323,Protein Batch 1,T1 A1,>10000.00,>,10000.0,0.818531871,0.035764534,T1,TA1,,0.703314960,,,2,">100000.00, >10000.00",55000.0,63639.6,CHEMBL41906
XYZ-000072,XYZ-000072-01,10/16/2024 - T1 & A1,10/16/2024,A1,Biochemical,XYZ-000072-01,PASS,nM,NB-0027-02,-0.117075182,.0000,0.000000000,,100.000000000,-1.929773450,Protein Batch 1,T1 A1,>100000.00,>,100000.0,0.132608369,0.039572041,T1,TA1,,0.807194531,,,2,">10000.00, >100000.00",55000.0,63639.6,CHEMBL49608
XYZ-000072,XYZ-000072-01,10/10/2024 - T1 & A1,10/10/2024,A1,Biochemical,XYZ-000072-01,Needs Review,nM,NB-0041-02,-1.128323317,.0000,0.000000003,,-0.855842233,-7.969135761,Protein Batch 1,T1 A1,>10000.00,>,10000.0,0.731711447,0.035764534,T1,TA1,,0.703314960,,,2,">10000.00, >100000.00",55000.0,63639.6,CHEMBL14117
XYZ-000073,XYZ-000073-01,10/16/2024 - T1 & A1,10/16/2024,A1,Biochemical,XYZ-000073-01,PASS,nM,NB-0027-02,25.523189545,370763.4688,0.000370790,,100.000000000,0.090665326,Protein Batch 1,T1 A1,>100000.00,>,100000.0,-0.000000000,0.039572041,T1,TA1,,0.807194531,,,2,">100000.00, >10000.00",55000.0,63639.6,CHEMBL35447
XYZ-000073,XYZ-000073-01,10/10/2024 - T1 & A1,10/10/2024,A1,Biochemical,XYZ-000073-01,Needs Review,nM,NB-0041-02,-0.479110628,.0000,0.000000001,,7.832975388,-3.943129778,Protein Batch 1,T1 A1,>10000.00,>,10000.0,0.714939952,0.035764534,T1,TA1,,0.703314960,,,2,">100000.00, >10000.00",55000.0,63639.6,CHEMBL11892
XYZ-000074,XYZ-000074-01,10/10/2024 - T1 & A1,10/10/2024,A1,Biochemical,XYZ-000074-01,Needs Review,nM,NB-0041-02,-0.264198989,.0001,0.000000000,,120.000000000,-1.828219533,Protein Batch 1,T1 A1,>10000.00,>,10000.0,0.621394277,0.035764534,T1,TA1,,0.703314960,,,2,">10000.00, >100000.00",55000.0,63639.6,CHEMBL46285
XYZ-000074,XYZ-000074-01,10/16/2024 - T1 & A1,10/16/2024,A1,Biochemical,XYZ-000074-01,PASS,nM,NB-0027-02,15.774231911,568066.1250,0.000565857,,100.000000000,-3.170280218,Protein Batch 1,T1 A1,>100000.00,>,100000.0,-0.000000000,0.039572041,T1,TA1,,0.807194531,,,2,">10000.00, >100000.00",55000.0,63639.6,CHEMBL42223
XYZ-000075,XYZ-000075-01,10/16/2024 - T1 & A1,10/16/2024,A1,Biochemical,XYZ-000075-01,PASS,nM,NB-0027-02,3.457414627,269742.2188,0.000266201,,100.000000000,-2.337798834,Protein Batch 1,T1 A1,>100000.00,>,100000.0,0.119609140,0.039572041,T1,TA1,,0.807194531,,,2,">100000.00, >10000.00",55000.0,63639.6,CHEMBL17238
XYZ-000075,XYZ-000075-01,10/10/2024 - T1 & A1,10/10/2024,A1,Biochemical,XYZ-000075-01,Needs Review,nM,NB-0041-02,-0.457225591,.0005,0.000000000,,120.000000000,1.521506310,Protein Batch 1,T1 A1,>10000.00,>,10000.0,0.491854876,0.035764534,T1,TA1,,0.703314960,,,2,">100000.00, >10000.00",55000.0,63639.6,CHEMBL5950
XYZ-000076,XYZ-000076-01,10/10/2024 - T1 & A1,10/10/2024,A1,Biochemical,XYZ-000076-01,Needs Review,nM,NB-0041-02,15.280148506,.0000,0.000001810,,8.543047905,0.309026808,Protein Batch 1,T1 A1,>10000.00,>,10000.0,0.578684390,0.035764534,T1,TA1,,0.703314960,,,2,">10000.00, >100000.00",55000.0,63639.6,CHEMBL14025
XYZ-000076,XYZ-000076-01,10/16/2024 - T1 & A1,10/16/2024,A1,Biochemical,XYZ-000076-01,PASS,nM,NB-0027-02,1.042354822,172363.0781,0.000161375,,100.000000000,-3.553780556,Protein Batch 1,T1 A1,>100000.00,>,100000.0,0.982652366,0.039572041,T1,TA1,,0.807194531,,,2,">10000.00, >100000.00",55000.0,63639.6,CHEMBL37274
XYZ-000077,XYZ-000077-01,10/16/2024 - T1 & A1,10/16/2024,A1,Biochemical,XYZ-000077-01,PASS,nM,NB-0027-02,2.577481508,425636.8125,0.000431086,,100.000000000,1.612935424,Protein Batch 1,T1 A1,>100000.00,>,100000.0,0.086820975,0.039572041,T1,TA1,,0.807194531,,,2,">10000.00, >100000.00",55000.0,63639.6,CHEMBL18195
XYZ-000077,XYZ-000077-01,10/10/2024 - T1 & A1,10/10/2024,A1,Biochemical,XYZ-000077-01,Needs Review,nM,NB-0041-02,-16.347875595,.0000,0.000000041,,10.135069847,7.334547997,Protein Batch 1,T1 A1,>10000.00,>,10000.0,0.320744604,0.035764534,T1,TA1,,0.703314960,,,2,">10000.00, >100000.00",55000.0,63639.6,CHEMBL28481
XYZ-000078,XYZ-000078-01,10/16/2024 - T1 & A1,10/16/2024,A1,Biochemical,XYZ-000078-01,PASS,nM,NB-0027-02,1.227346301,608196.2500,0.000629781,,100.000000000,2.094961166,Protein Batch 1,T1 A1,>100000.00,>,100000.0,0.785890818,0.029346529,T1,TA1,,0.863720775,,,2,">10000.00, >100000.00",55000.0,63639.6,CHEMBL5394
XYZ-000078,XYZ-000078-01,10/10/2024 - T1 & A1,10/10/2024,A1,Biochemical,XYZ-000078-01,Needs Review,nM,NB-0041-02,0.033468336,.0000,0.000000033,,18.266071320,-20.000000000,Protein Batch 1,T1 A1,>10000.00,>,10000.0,0.260175198,0.027867662,T1,TA1,,0.850793064,,,2,">10000.00, >100000.00",55000.0,63639.6,CHEMBL12876
XYZ-000079,XYZ-000079-01,10/10/2024 - T1 & A1,10/10/2024,A1,Biochemical,XYZ-000079-01,Needs Review,nM,NB-0041-02,1.921109557,.0000,0.000002030,,-2.444559097,-5.962591648,Protein Batch 1,T1 A1,>10000.00,>,10000.0,0.359730512,0.027867662,T1,TA1,,0.850793064,,,2,">10000.00, >100000.00",55000.0,63639.6,CHEMBL3098
XYZ-000079,XYZ-000079-01,10/16/2024 - T1 & A1,10/16/2024,A1,Biochemical,XYZ-000079-01,PASS,nM,NB-0027-02,1.323146582,1324234.8750,0.001344967,,100.000000000,1.017239332,Protein Batch 1,T1 A1,>100000.00,>,100000.0,0.356071472,0.029346529,T1,TA1,,0.863720775,,,2,">10000.00, >100000.00",55000.0,63639.6,CHEMBL34869
XYZ-000080,XYZ-000080-01,10/16/2024 - T1 & A1,10/16/2024,A1,Biochemical,XYZ-000080-01,PASS,nM,NB-0027-02,0.596168399,10028038.0000,0.010423999,,100.000000000,1.141129732,Protein Batch 1,T1 A1,>100000.00,>,100000.0,0.456943840,0.029346529,T1,TA1,,0.863720775,,,2,">10000.00, >100000.00",55000.0,63639.6,CHEMBL37953
XYZ-000080,XYZ-000080-01,10/10/2024 - T1 & A1,10/10/2024,A1,Biochemical,XYZ-000080-01,Needs Review,nM,NB-0041-02,0.039145943,.0000,0.000000021,,7.119724274,-20.000000000,Protein Batch 1,T1 A1,>10000.00,>,10000.0,0.107790746,0.027867662,T1,TA1,,0.850793064,,,2,">10000.00, >100000.00",55000.0,63639.6,CHEMBL9923
XYZ-000081,XYZ-000081-01,10/10/2024 - T1 & A1,10/10/2024,A1,Biochemical,XYZ-000081-01,Needs Review,nM,NB-0041-02,1.663412333,.0000,0.000003200,,-2.804286957,-8.658189774,Protein Batch 1,T1 A1,>10000.00,>,10000.0,0.641587913,0.027867662,T1,TA1,,0.850793064,,,2,">10000.00, >100000.00",55000.0,63639.6,CHEMBL4908
XYZ-000081,XYZ-000081-01,10/16/2024 - T1 & A1,10/16/2024,A1,Biochemical,XYZ-000081-01,PASS,nM,NB-0027-02,0.886633158,930061.0625,0.000903563,,100.000000000,-1.297964931,Protein Batch 1,T1 A1,>100000.00,>,100000.0,0.866039395,0.029346529,T1,TA1,,0.863720775,,,2,">10000.00, >100000.00",55000.0,63639.6,CHEMBL27936
XYZ-000082,XYZ-000082-01,10/10/2024 - T1 & A1,10/10/2024,A1,Biochemical,XYZ-000082-01,Needs Review,nM,NB-0041-02,0.000198343,.0000,0.000000005,,4.487666130,-14.974898338,Protein Batch 1,T1 A1,>10000.00,>,10000.0,0.000003150,0.027867662,T1,TA1,,0.850793064,,,2,">100000.00, >10000.00",55000.0,63639.6,CHEMBL14883
XYZ-000082,XYZ-000082-01,10/16/2024 - T1 & A1,10/16/2024,A1,Biochemical,XYZ-000082-01,PASS,nM,NB-0027-02,0.714287400,13302202.0000,0.012145217,,100.000000000,-3.357739449,Protein Batch 1,T1 A1,>100000.00,>,100000.0,0.380315602,0.029346529,T1,TA1,,0.863720775,,,2,">100000.00, >10000.00",55000.0,63639.6,CHEMBL7356
XYZ-000083,XYZ-000083-01,10/16/2024 - T1 & A1,10/16/2024,A1,Biochemical,XYZ-000083-01,PASS,nM,NB-0027-02,0.871015787,19570106.0000,0.017623236,,100.000000000,-4.778199196,Protein Batch 1,T1 A1,>100000.00,>,100000.0,0.070387363,0.029346529,T1,TA1,,0.863720775,,,2,">100000.00, >10000.00",55000.0,63639.6,CHEMBL48647
XYZ-000083,XYZ-000083-01,10/10/2024 - T1 & A1,10/10/2024,A1,Biochemical,XYZ-000083-01,Needs Review,nM,NB-0041-02,3.105643511,.0000,0.000003050,,-3.134059906,-7.265070915,Protein Batch 1,T1 A1,>10000.00,>,10000.0,0.380962342,0.027867662,T1,TA1,,0.850793064,,,2,">100000.00, >10000.00",55000.0,63639.6,CHEMBL3238
XYZ-000084,XYZ-000084-01,10/16/2024 - T1 & A1,10/16/2024,A1,Biochemical,XYZ-000084-01,PASS,nM,NB-0027-02,0.795731544,9759757.0000,0.009426351,,100.000000000,-1.402223468,Protein Batch 1,T1 A1,>100000.00,>,100000.0,0.146429494,0.029346529,T1,TA1,,0.863720775,,,2,">100000.00, >10000.00",55000.0,63639.6,CHEMBL24336
XYZ-000084,XYZ-000084-01,10/10/2024 - T1 & A1,10/10/2024,A1,Biochemical,XYZ-000084-01,Needs Review,nM,NB-0041-02,2.628472567,.0000,0.000000191,,1.826271772,-2.015573978,Protein Batch 1,T1 A1,>10000.00,>,10000.0,0.451147944,0.027867662,T1,TA1,,0.850793064,,,2,">100000.00, >10000.00",55000.0,63639.6,CHEMBL18797
XYZ-000085,XYZ-000085-01,10/16/2024 - T1 & A1,10/16/2024,A1,Biochemical,XYZ-000085-01,PASS,nM,NB-0027-02,-0.045214638,.0000,0.000000000,,100.000000000,-7.312383175,Protein Batch 1,T1 A1,>100000.00,>,100000.0,0.328612685,0.029346529,T1,TA1,,0.863720775,,,1,>100000.00,100000.0,,CHEMBL47214
XYZ-000086,XYZ-000086-01,10/10/2024 - T1 & A1,10/10/2024,A1,Biochemical,XYZ-000086-01,Needs Review,nM,NB-0041-02,-21.561069489,.0000,0.000000114,,0.605665982,-1.866730690,Protein Batch 1,T1 A1,>10000.00,>,10000.0,0.715917349,0.027867662,T1,TA1,,0.850793064,,,2,">10000.00, >100000.00",55000.0,63639.6,CHEMBL21995
XYZ-000086,XYZ-000086-01,10/16/2024 - T1 & A1,10/16/2024,A1,Biochemical,XYZ-000086-01,PASS,nM,NB-0027-02,10.004672050,177711.5781,0.000179138,,100.000000000,3.843343735,Protein Batch 1,T1 A1,>100000.00,>,100000.0,0.002002851,0.029346529,T1,TA1,,0.863720775,,,2,">10000.00, >100000.00",55000.0,63639.6,CHEMBL31699
XYZ-000087,XYZ-000087-01,10/16/2024 - T1 & A1,10/16/2024,A1,Biochemical,XYZ-000087-01,PASS,nM,NB-0027-02,0.113989606,176000004934569300000.0000,359000014848.000000000,,100.000000000,3.921460390,Protein Batch 1,T1 A1,>100000.00,>,100000.0,0.041279204,0.029346529,T1,TA1,,0.863720775,,,2,">10000.00, >100000.00",55000.0,63639.6,CHEMBL16763
XYZ-000087,XYZ-000087-01,10/10/2024 - T1 & A1,10/10/2024,A1,Biochemical,XYZ-000087-01,Needs Review,nM,NB-0041-02,-2.211182356,.0000,0.000000117,,-11.561577797,-17.273975372,Protein Batch 1,T1 A1,>10000.00,>,10000.0,0.879339397,0.027867662,T1,TA1,,0.850793064,,,2,">10000.00, >100000.00",55000.0,63639.6,CHEMBL14348
XYZ-000088,XYZ-000088-01,10/16/2024 - T1 & A1,10/16/2024,A1,Biochemical,XYZ-000088-01,PASS,nM,NB-0027-02,0.186016515,1030000017408.0000,1430.359008789,,100.000000000,2.938738585,Protein Batch 1,T1 A1,>100000.00,>,100000.0,0.396941990,0.029346529,T1,TA1,,0.863720775,,,2,">100000.00, >10000.00",55000.0,63639.6,CHEMBL13441
XYZ-000088,XYZ-000088-01,10/10/2024 - T1 & A1,10/10/2024,A1,Biochemical,XYZ-000088-01,Needs Review,nM,NB-0041-02,-3.230858803,.0000,0.000000134,,-0.843653858,-6.152302265,Protein Batch 1,T1 A1,>10000.00,>,10000.0,0.748273253,0.027867662,T1,TA1,,0.850793064,,,2,">100000.00, >10000.00",55000.0,63639.6,CHEMBL12006
XYZ-000089,XYZ-000089-01,10/10/2024 - T1 & A1,10/10/2024,A1,Biochemical,XYZ-000089-01,Needs Review,nM,NB-0041-02,24.844457626,.0000,0.000000998,,6.206254482,0.287623852,Protein Batch 1,T1 A1,>10000.00,>,10000.0,0.547726810,0.027867662,T1,TA1,,0.850793064,,,2,">100000.00, >10000.00",55000.0,63639.6,CHEMBL6200
XYZ-000089,XYZ-000089-01,10/16/2024 - T1 & A1,10/16/2024,A1,Biochemical,XYZ-000089-01,PASS,nM,NB-0027-02,0.496422082,2875056.5000,0.003038931,,100.000000000,1.357158542,Protein Batch 1,T1 A1,>100000.00,>,100000.0,0.891119063,0.029346529,T1,TA1,,0.863720775,,,2,">100000.00, >10000.00",55000.0,63639.6,CHEMBL9580
XYZ-000090,XYZ-000090-01,10/16/2024 - T1 & A1,10/16/2024,A1,Biochemical,XYZ-000090-01,PASS,nM,NB-0027-02,-5.056994438,.0262,0.000000000,,100.000000000,-0.164120376,Protein Batch 1,T1 A1,>100000.00,>,100000.0,-0.000000000,0.029346529,T1,TA1,,0.863720775,,,2,">100000.00, >10000.00",55000.0,63639.6,CHEMBL31486
XYZ-000090,XYZ-000090-01,10/10/2024 - T1 & A1,10/10/2024,A1,Biochemical,XYZ-000090-01,Needs Review,nM,NB-0041-02,-0.327233851,.0000,0.000000001,,3.102539301,-4.412968159,Protein Batch 1,T1 A1,>10000.00,>,10000.0,0.548912406,0.027867662,T1,TA1,,0.850793064,,,2,">100000.00, >10000.00",55000.0,63639.6,CHEMBL10972
XYZ-000091,XYZ-000091-01,10/10/2024 - T1 & A1,10/10/2024,A1,Biochemical,XYZ-000091-01,Needs Review,nM,NB-0041-02,-0.698760211,.0000,0.000000004,,0.387774348,-3.360100746,Protein Batch 1,T1 A1,>10000.00,>,10000.0,0.334738135,0.027867662,T1,TA1,,0.850793064,,,2,">10000.00, >100000.00",55000.0,63639.6,CHEMBL35292
XYZ-000091,XYZ-000091-01,10/16/2024 - T1 & A1,10/16/2024,A1,Biochemical,XYZ-000091-01,PASS,nM,NB-0027-02,0.225835145,344999985152.0000,327.584899902,,100.000000000,-0.588254213,Protein Batch 1,T1 A1,>100000.00,>,100000.0,0.172247544,0.029346529,T1,TA1,,0.863720775,,,2,">10000.00, >100000.00",55000.0,63639.6,CHEMBL7068
XYZ-000092,XYZ-000092-01,10/16/2024 - T1 & A1,10/16/2024,A1,Biochemical,XYZ-000092-01,PASS,nM,NB-0027-02,0.093527108,393999993129664500.0000,452453216.000000000,,100.000000000,0.643084049,Protein Batch 1,T1 A1,>100000.00,>,100000.0,0.273278892,0.029346529,T1,TA1,,0.863720775,,,2,">100000.00, >10000.00",55000.0,63639.6,CHEMBL22690
XYZ-000092,XYZ-000092-01,10/10/2024 - T1 & A1,10/10/2024,A1,Biochemical,XYZ-000092-01,Needs Review,nM,NB-0041-02,-4.880967617,.0000,0.000000049,,4.178707123,0.731660664,Protein Batch 1,T1 A1,>10000.00,>,10000.0,0.442980856,0.027867662,T1,TA1,,0.850793064,,,2,">100000.00, >10000.00",55000.0,63639.6,CHEMBL38937
XYZ-000093,XYZ-000093-01,10/10/2024 - T1 & A1,10/10/2024,A1,Biochemical,XYZ-000093-01,Needs Review,nM,NB-0041-02,12.961591721,.0000,0.000003220,,21.976125717,6.712262630,Protein Batch 1,T1 A1,>10000.00,>,10000.0,0.864852011,0.042680368,T1,TA1,,0.797605574,,,2,"64162.08, >10000.00",37081.0,38298.4,CHEMBL6884
XYZ-000093,XYZ-000093-01,10/16/2024 - T1 & A1,10/16/2024,A1,Biochemical,XYZ-000093-01,PASS,nM,NB-0027-02,0.934116721,57126.4219,0.000064200,,100.000000000,5.140767574,Protein Batch 1,T1 A1,64162.08,,64162.1,0.995447099,0.036490135,T1,TA1,,0.798841357,,,2,"64162.08, >10000.00",37081.0,38298.4,CHEMBL10465
XYZ-000094,XYZ-000094-01,10/16/2024 - T1 & A1,10/16/2024,A1,Biochemical,XYZ-000094-01,PASS,nM,NB-0027-02,1.572556615,979872.9375,0.001014724,,100.000000000,2.673837423,Protein Batch 1,T1 A1,>100000.00,>,100000.0,0.455794543,0.036490135,T1,TA1,,0.798841357,,,2,">100000.00, >10000.00",55000.0,63639.6,CHEMBL6155
XYZ-000094,XYZ-000094-01,10/10/2024 - T1 & A1,10/10/2024,A1,Biochemical,XYZ-000094-01,Needs Review,nM,NB-0041-02,-16.017375946,.0000,0.000000000,,10.007037163,-4.507147789,Protein Batch 1,T1 A1,>10000.00,>,10000.0,0.523512840,0.042680368,T1,TA1,,0.797605574,,,2,">100000.00, >10000.00",55000.0,63639.6,CHEMBL4049
XYZ-000095,XYZ-000095-01,10/16/2024 - T1 & A1,10/16/2024,A1,Biochemical,XYZ-000095-01,PASS,nM,NB-0027-02,0.539568305,61358744.0000,0.054643970,,100.000000000,-3.226603985,Protein Batch 1,T1 A1,>100000.00,>,100000.0,0.322453737,0.036490135,T1,TA1,,0.798841357,,,2,">100000.00, >10000.00",55000.0,63639.6,CHEMBL27654
XYZ-000095,XYZ-000095-01,10/10/2024 - T1 & A1,10/10/2024,A1,Biochemical,XYZ-000095-01,Needs Review,nM,NB-0041-02,-1.430254579,.0000,0.000000002,,-0.375964195,-1.589842677,Protein Batch 1,T1 A1,>10000.00,>,10000.0,0.127710566,0.042680368,T1,TA1,,0.797605574,,,2,">100000.00, >10000.00",55000.0,63639.6,CHEMBL43953
XYZ-000096,XYZ-000096-01,10/10/2024 - T1 & A1,10/10/2024,A1,Biochemical,XYZ-000096-01,Needs Review,nM,NB-0041-02,16.107374191,.0000,0.000000120,,-3.806665897,-5.002072811,Protein Batch 1,T1 A1,>10000.00,>,10000.0,0.091143019,0.042680368,T1,TA1,,0.797605574,,,2,">10000.00, >100000.00",55000.0,63639.6,CHEMBL46158
XYZ-000096,XYZ-000096-01,10/16/2024 - T1 & A1,10/16/2024,A1,Biochemical,XYZ-000096-01,PASS,nM,NB-0027-02,1.301729202,1216997.5000,0.001142468,,100.000000000,-4.287096500,Protein Batch 1,T1 A1,>100000.00,>,100000.0,0.260796100,0.036490135,T1,TA1,,0.798841357,,,2,">10000.00, >100000.00",55000.0,63639.6,CHEMBL48871
XYZ-000097,XYZ-000097-01,10/16/2024 - T1 & A1,10/16/2024,A1,Biochemical,XYZ-000097-01,PASS,nM,NB-0027-02,0.160011947,8340000210944.0000,3134.045166016,,100.000000000,-8.481237411,Protein Batch 1,T1 A1,>100000.00,>,100000.0,0.462380379,0.036490135,T1,TA1,,0.798841357,,,2,">100000.00, >10000.00",55000.0,63639.6,CHEMBL13515
XYZ-000097,XYZ-000097-01,10/10/2024 - T1 & A1,10/10/2024,A1,Biochemical,XYZ-000097-01,Needs Review,nM,NB-0041-02,0.640443444,.0000,0.000028800,,4.088470936,-5.075707436,Protein Batch 1,T1 A1,>10000.00,>,10000.0,0.358769298,0.042680368,T1,TA1,,0.797605574,,,2,">100000.00, >10000.00",55000.0,63639.6,CHEMBL3810
XYZ-000098,XYZ-000098-01,10/10/2024 - T1 & A1,10/10/2024,A1,Biochemical,XYZ-000098-01,Needs Review,nM,NB-0041-02,19.986417770,.0000,0.000003290,,-4.157971859,-7.824673176,Protein Batch 1,T1 A1,>10000.00,>,10000.0,0.445270419,0.042680368,T1,TA1,,0.797605574,,,2,">100000.00, >10000.00",55000.0,63639.6,CHEMBL3490
XYZ-000098,XYZ-000098-01,10/16/2024 - T1 & A1,10/16/2024,A1,Biochemical,XYZ-000098-01,PASS,nM,NB-0027-02,0.282729506,1289030912.0000,0.746061563,,100.000000000,-8.359969139,Protein Batch 1,T1 A1,>100000.00,>,100000.0,0.720412195,0.036490135,T1,TA1,,0.798841357,,,2,">100000.00, >10000.00",55000.0,63639.6,CHEMBL3717
XYZ-000099,XYZ-000099-01,10/16/2024 - T1 & A1,10/16/2024,A1,Biochemical,XYZ-000099-01,PASS,nM,NB-0027-02,0.233492002,465258304.0000,0.361947477,,100.000000000,-3.019054651,Protein Batch 1,T1 A1,>100000.00,>,100000.0,0.818341315,0.036490135,T1,TA1,,0.798841357,,,2,">100000.00, >10000.00",55000.0,63639.6,CHEMBL34647
XYZ-000099,XYZ-000099-01,10/10/2024 - T1 & A1,10/10/2024,A1,Biochemical,XYZ-000099-01,Needs Review,nM,NB-0041-02,1.910437584,.0000,0.000000144,,-2.144619703,-5.801168919,Protein Batch 1,T1 A1,>10000.00,>,10000.0,0.463332146,0.042680368,T1,TA1,,0.797605574,,,2,">100000.00, >10000.00",55000.0,63639.6,CHEMBL18167
XYZ-000100,XYZ-000100-01,10/16/2024 - T1 & A1,10/16/2024,A1,Biochemical,XYZ-000100-01,PASS,nM,NB-0027-02,1.727032423,408612.1250,0.000430800,,100.000000000,4.363804817,Protein Batch 1,T1 A1,>100000.00,>,100000.0,0.679682136,0.036490135,T1,TA1,,0.798841357,,,2,">100000.00, >10000.00",55000.0,63639.6,CHEMBL11434
XYZ-000100,XYZ-000100-01,10/10/2024 - T1 & A1,10/10/2024,A1,Biochemical,XYZ-000100-01,Needs Review,nM,NB-0041-02,-0.004313171,.0000,0.000000000,,10.807919502,-8.456091881,Protein Batch 1,T1 A1,>10000.00,>,10000.0,0.000797808,0.042680368,T1,TA1,,0.797605574,,,2,">100000.00, >10000.00",55000.0,63639.6,CHEMBL47765
XYZ-000101,XYZ-000101-01,10/10/2024 - T1 & A1,10/10/2024,A1,Biochemical,XYZ-000101-01,Needs Review,nM,NB-0041-02,-2.839526892,.0000,0.000000055,,5.085978985,2.075906754,Protein Batch 1,T1 A1,>10000.00,>,10000.0,0.758573472,0.042680368,T1,TA1,,0.797605574,,,2,">10000.00, >100000.00",55000.0,63639.6,CHEMBL47758
XYZ-000101,XYZ-000101-01,10/16/2024 - T1 & A1,10/16/2024,A1,Biochemical,XYZ-000101-01,PASS,nM,NB-0027-02,18.130174637,671241.6875,0.000675279,,100.000000000,5.150725842,Protein Batch 1,T1 A1,>100000.00,>,100000.0,-0.000000000,0.036490135,T1,TA1,,0.798841357,,,2,">10000.00, >100000.00",55000.0,63639.6,CHEMBL37572
XYZ-000102,XYZ-000102-01,10/10/2024 - T1 & A1,10/10/2024,A1,Biochemical,XYZ-000102-01,Needs Review,nM,NB-0041-02,-24.368284225,.0000,0.000000150,,1.778769612,-0.049272995,Protein Batch 1,T1 A1,>10000.00,>,10000.0,0.233334571,0.042680368,T1,TA1,,0.797605574,,,2,">10000.00, >100000.00",55000.0,63639.6,CHEMBL28428
XYZ-000102,XYZ-000102-01,10/16/2024 - T1 & A1,10/16/2024,A1,Biochemical,XYZ-000102-01,PASS,nM,NB-0027-02,-16.771905899,3.1572,0.000000003,,100.000000000,5.115999699,Protein Batch 1,T1 A1,>100000.00,>,100000.0,0.000181366,0.036490135,T1,TA1,,0.798841357,,,2,">10000.00, >100000.00",55000.0,63639.6,CHEMBL27723
XYZ-000103,XYZ-000103-01,10/10/2024 - T1 & A1,10/10/2024,A1,Biochemical,XYZ-000103-01,Needs Review,nM,NB-0041-02,-0.691969395,.0000,0.000000000,,12.480621338,2.133653402,Protein Batch 1,T1 A1,>10000.00,>,10000.0,0.153939515,0.042680368,T1,TA1,,0.797605574,,,2,">100000.00, >10000.00",55000.0,63639.6,CHEMBL35184
XYZ-000103,XYZ-000103-01,10/16/2024 - T1 & A1,10/16/2024,A1,Biochemical,XYZ-000103-01,PASS,nM,NB-0027-02,0.830399871,532282.3125,0.000493904,,100.000000000,-3.205600262,Protein Batch 1,T1 A1,>100000.00,>,100000.0,0.622604907,0.036490135,T1,TA1,,0.798841357,,,2,">100000.00, >10000.00",55000.0,63639.6,CHEMBL43277
XYZ-000104,XYZ-000104-01,10/10/2024 - T1 & A1,10/10/2024,A1,Biochemical,XYZ-000104-01,Needs Review,nM,NB-0041-02,21.634531021,.0000,0.000003290,,17.625720978,0.219246626,Protein Batch 1,T1 A1,>10000.00,>,10000.0,0.882862389,0.042680368,T1,TA1,,0.797605574,,,2,"66412.13, >10000.00",38206.1,39889.4,CHEMBL48077
XYZ-000104,XYZ-000104-01,10/16/2024 - T1 & A1,10/16/2024,A1,Biochemical,XYZ-000104-01,PASS,nM,NB-0027-02,0.817577064,70046.8516,0.000066400,,100.000000000,-2.226357222,Protein Batch 1,T1 A1,66412.13,,66412.1,0.955980361,0.036490135,T1,TA1,,0.798841357,,,2,"66412.13, >10000.00",38206.1,39889.4,CHEMBL13746
XYZ-000105,XYZ-000105-01,10/10/2024 - T1 & A1,10/10/2024,A1,Biochemical,XYZ-000105-01,Needs Review,nM,NB-0041-02,-16.781204224,.0000,0.000000005,,-0.806096375,-3.227818727,Protein Batch 1,T1 A1,>10000.00,>,10000.0,0.396958590,0.042680368,T1,TA1,,0.797605574,,,2,">10000.00, >100000.00",55000.0,63639.6,CHEMBL36979
XYZ-000105,XYZ-000105-01,10/16/2024 - T1 & A1,10/16/2024,A1,Biochemical,XYZ-000105-01,PASS,nM,NB-0027-02,-18.700765610,.1910,0.000000000,,100.000000000,-4.805770874,Protein Batch 1,T1 A1,>100000.00,>,100000.0,0.000000000,0.036490135,T1,TA1,,0.798841357,,,2,">10000.00, >100000.00",55000.0,63639.6,CHEMBL24395
XYZ-000106,XYZ-000106-01,10/16/2024 - T1 & A1,10/16/2024,A1,Biochemical,XYZ-000106-01,PASS,nM,NB-0027-02,0.475627691,8102990.0000,0.005965938,,100.000000000,-7.837909698,Protein Batch 1,T1 A1,>100000.00,>,100000.0,0.941220939,0.036490135,T1,TA1,,0.798841357,,,2,">100000.00, >10000.00",55000.0,63639.6,CHEMBL32154
XYZ-000106,XYZ-000106-01,10/10/2024 - T1 & A1,10/10/2024,A1,Biochemical,XYZ-000106-01,Needs Review,nM,NB-0041-02,32.360885620,.0000,0.000000979,,-6.192745686,-8.064103127,Protein Batch 1,T1 A1,>10000.00,>,10000.0,0.250697553,0.042680368,T1,TA1,,0.797605574,,,2,">100000.00, >10000.00",55000.0,63639.6,CHEMBL16942
XYZ-000107,XYZ-000107-01,10/16/2024 - T1 & A1,10/16/2024,A1,Biochemical,XYZ-000107-01,PASS,nM,NB-0027-02,0.088639937,45100001044581060000.0000,17018531840.000000000,,100.000000000,-4.510182381,Protein Batch 1,T1 A1,>100000.00,>,100000.0,0.342776626,0.036490135,T1,TA1,,0.798841357,,,2,">100000.00, >10000.00",55000.0,63639.6,CHEMBL27426
XYZ-000107,XYZ-000107-01,10/10/2024 - T1 & A1,10/10/2024,A1,Biochemical,XYZ-000107-01,Needs Review,nM,NB-0041-02,-17.260622025,.0000,0.000000024,,-3.773982763,-5.620291710,Protein Batch 1,T1 A1,>10000.00,>,10000.0,0.275739580,0.042680368,T1,TA1,,0.797605574,,,2,">100000.00, >10000.00",55000.0,63639.6,CHEMBL23128
XYZ-000108,XYZ-000108-01,10/10/2024 - T1 & A1,10/10/2024,A1,Biochemical,XYZ-000108-01,Needs Review,nM,NB-0041-02,0.849771678,.0000,0.000002560,,2.488686085,-0.858897746,Protein Batch 1,T1 A1,>10000.00,>,10000.0,0.147703797,0.035731789,T1,TA1,,0.812475383,,,2,">10000.00, >100000.00",55000.0,63639.6,CHEMBL10023
XYZ-000108,XYZ-000108-01,10/16/2024 - T1 & A1,10/16/2024,A1,Biochemical,XYZ-000108-01,PASS,nM,NB-0027-02,0.923925281,5075632.0000,0.005303702,,100.000000000,1.989835024,Protein Batch 1,T1 A1,>100000.00,>,100000.0,0.173598394,0.026761778,T1,TA1,,0.886359990,,,2,">10000.00, >100000.00",55000.0,63639.6,CHEMBL43498
XYZ-000109,XYZ-000109-01,10/16/2024 - T1 & A1,10/16/2024,A1,Biochemical,XYZ-000109-01,PASS,nM,NB-0027-02,11.360602379,137976.3125,0.000138224,,100.000000000,1.007089615,Protein Batch 1,T1 A1,>100000.00,>,100000.0,0.183324352,0.026761778,T1,TA1,,0.886359990,,,2,">100000.00, >10000.00",55000.0,63639.6,CHEMBL23686
XYZ-000109,XYZ-000109-01,10/10/2024 - T1 & A1,10/10/2024,A1,Biochemical,XYZ-000109-01,Needs Review,nM,NB-0041-02,16.364068985,.0000,0.000003300,,-5.153214931,-8.085967064,Protein Batch 1,T1 A1,>10000.00,>,10000.0,0.133880809,0.035731789,T1,TA1,,0.812475383,,,2,">100000.00, >10000.00",55000.0,63639.6,CHEMBL48214
XYZ-000110,XYZ-000110-01,10/10/2024 - T1 & A1,10/10/2024,A1,Biochemical,XYZ-000110-01,Needs Review,nM,NB-0041-02,0.058595166,.0000,0.000000035,,8.616504669,-20.000000000,Protein Batch 1,T1 A1,>10000.00,>,10000.0,0.174499869,0.035731789,T1,TA1,,0.812475383,,,2,">10000.00, >100000.00",55000.0,63639.6,CHEMBL41932
XYZ-000110,XYZ-000110-01,10/16/2024 - T1 & A1,10/16/2024,A1,Biochemical,XYZ-000110-01,PASS,nM,NB-0027-02,1.076172233,666480.5625,0.000671853,,100.000000000,0.430121064,Protein Batch 1,T1 A1,>100000.00,>,100000.0,0.734759271,0.026761778,T1,TA1,,0.886359990,,,2,">10000.00, >100000.00",55000.0,63639.6,CHEMBL42715
XYZ-000111,XYZ-000111-01,10/16/2024 - T1 & A1,10/16/2024,A1,Biochemical,XYZ-000111-01,PASS,nM,NB-0027-02,0.895391166,11765329.0000,0.011362042,,100.000000000,-1.586152554,Protein Batch 1,T1 A1,>100000.00,>,100000.0,0.026636951,0.026761778,T1,TA1,,0.886359990,,,2,">10000.00, >100000.00",55000.0,63639.6,CHEMBL6106
XYZ-000111,XYZ-000111-01,10/10/2024 - T1 & A1,10/10/2024,A1,Biochemical,XYZ-000111-01,Needs Review,nM,NB-0041-02,-13.913164139,.0000,0.000000000,,30.569562912,-8.990550995,Protein Batch 1,T1 A1,>10000.00,>,10000.0,0.398455590,0.035731789,T1,TA1,,0.812475383,,,2,">10000.00, >100000.00",55000.0,63639.6,CHEMBL2979
XYZ-000112,XYZ-000112-01,10/16/2024 - T1 & A1,10/16/2024,A1,Biochemical,XYZ-000112-01,PASS,nM,NB-0027-02,-19.725881577,3.9712,0.000000004,,100.000000000,-3.729824781,Protein Batch 1,T1 A1,>100000.00,>,100000.0,0.046302669,0.026761778,T1,TA1,,0.886359990,,,2,">100000.00, >10000.00",55000.0,63639.6,CHEMBL35224
XYZ-000112,XYZ-000112-01,10/10/2024 - T1 & A1,10/10/2024,A1,Biochemical,XYZ-000112-01,Needs Review,nM,NB-0041-02,1.034859657,.0000,0.000002830,,-2.243673563,-9.628011703,Protein Batch 1,T1 A1,>10000.00,>,10000.0,0.593677104,0.035731789,T1,TA1,,0.812475383,,,2,">100000.00, >10000.00",55000.0,63639.6,CHEMBL35933
XYZ-000113,XYZ-000113-01,10/16/2024 - T1 & A1,10/16/2024,A1,Biochemical,XYZ-000113-01,PASS,nM,NB-0027-02,1.053516388,383306.8125,0.000354646,,100.000000000,-4.266024113,Protein Batch 1,T1 A1,>100000.00,>,100000.0,0.778216779,0.026761778,T1,TA1,,0.886359990,,,2,">10000.00, >100000.00",55000.0,63639.6,CHEMBL5828
XYZ-000113,XYZ-000113-01,10/10/2024 - T1 & A1,10/10/2024,A1,Biochemical,XYZ-000113-01,Needs Review,nM,NB-0041-02,1.819320798,.0000,0.000006010,,-0.269821644,-11.014767647,Protein Batch 1,T1 A1,>10000.00,>,10000.0,0.623757958,0.035731789,T1,TA1,,0.812475383,,,2,">10000.00, >100000.00",55000.0,63639.6,CHEMBL6155
XYZ-000114,XYZ-000114-01,10/10/2024 - T1 & A1,10/10/2024,A1,Biochemical,XYZ-000114-01,Needs Review,nM,NB-0041-02,-1.417893529,.0478,0.000000000,,120.000000000,-2.702901363,Protein Batch 1,T1 A1,>10000.00,>,10000.0,0.421877742,0.035731789,T1,TA1,,0.812475383,,,2,">10000.00, >100000.00",55000.0,63639.6,CHEMBL2129
XYZ-000114,XYZ-000114-01,10/16/2024 - T1 & A1,10/16/2024,A1,Biochemical,XYZ-000114-01,PASS,nM,NB-0027-02,2.894412041,312294.0625,0.000309895,,100.000000000,-1.128566265,Protein Batch 1,T1 A1,>100000.00,>,100000.0,0.083948709,0.026761778,T1,TA1,,0.886359990,,,2,">10000.00, >100000.00",55000.0,63639.6,CHEMBL42793
XYZ-000115,XYZ-000115-01,10/10/2024 - T1 & A1,10/10/2024,A1,Biochemical,XYZ-000115-01,Needs Review,nM,NB-0041-02,2.737639427,.0000,0.000000013,,2.939697742,2.309332848,Protein Batch 1,T1 A1,>10000.00,>,10000.0,0.038745645,0.035731789,T1,TA1,,0.812475383,,,2,">10000.00, >100000.00",55000.0,63639.6,CHEMBL14907
XYZ-000115,XYZ-000115-01,10/16/2024 - T1 & A1,10/16/2024,A1,Biochemical,XYZ-000115-01,PASS,nM,NB-0027-02,0.122125342,16899999494265890000.0000,22179348480.000000000,,100.000000000,1.645886779,Protein Batch 1,T1 A1,>100000.00,>,100000.0,0.050000578,0.026761778,T1,TA1,,0.886359990,,,2,">10000.00, >100000.00",55000.0,63639.6,CHEMBL28312
XYZ-000116,XYZ-000116-01,10/16/2024 - T1 & A1,10/16/2024,A1,Biochemical,XYZ-000116-01,PASS,nM,NB-0027-02,0.343052447,218006704.0000,0.229371965,,100.000000000,0.864127874,Protein Batch 1,T1 A1,>100000.00,>,100000.0,0.603828788,0.026761778,T1,TA1,,0.886359990,,,2,">10000.00, >100000.00",55000.0,63639.6,CHEMBL15027
XYZ-000116,XYZ-000116-01,10/10/2024 - T1 & A1,10/10/2024,A1,Biochemical,XYZ-000116-01,Needs Review,nM,NB-0041-02,-0.606434047,.0000,0.000000005,,4.781104088,2.887315750,Protein Batch 1,T1 A1,>10000.00,>,10000.0,0.106774278,0.035731789,T1,TA1,,0.812475383,,,2,">10000.00, >100000.00",55000.0,63639.6,CHEMBL38991
XYZ-000117,XYZ-000117-01,10/16/2024 - T1 & A1,10/16/2024,A1,Biochemical,XYZ-000117-01,PASS,nM,NB-0027-02,0.979058683,1185783.6250,0.001244597,,100.000000000,2.314428568,Protein Batch 1,T1 A1,>100000.00,>,100000.0,0.691947162,0.026761778,T1,TA1,,0.886359990,,,2,">10000.00, >100000.00",55000.0,63639.6,CHEMBL34866
XYZ-000117,XYZ-000117-01,10/10/2024 - T1 & A1,10/10/2024,A1,Biochemical,XYZ-000117-01,Needs Review,nM,NB-0041-02,-0.578047574,.0000,0.000000006,,2.825835943,-4.896024704,Protein Batch 1,T1 A1,>10000.00,>,10000.0,0.693000197,0.035731789,T1,TA1,,0.812475383,,,2,">10000.00, >100000.00",55000.0,63639.6,CHEMBL4271
XYZ-000118,XYZ-000118-01,10/16/2024 - T1 & A1,10/16/2024,A1,Biochemical,XYZ-000118-01,PASS,nM,NB-0027-02,0.534857929,3915528.7500,0.004209833,,100.000000000,1.901042342,Protein Batch 1,T1 A1,>100000.00,>,100000.0,0.541205764,0.026761778,T1,TA1,,0.886359990,,,2,">10000.00, >100000.00",55000.0,63639.6,CHEMBL26642
XYZ-000118,XYZ-000118-01,10/10/2024 - T1 & A1,10/10/2024,A1,Biochemical,XYZ-000118-01,Needs Review,nM,NB-0041-02,-1.379288912,.0000,0.000000025,,-1.838981390,-11.286649704,Protein Batch 1,T1 A1,>10000.00,>,10000.0,0.828693271,0.035731789,T1,TA1,,0.812475383,,,2,">10000.00, >100000.00",55000.0,63639.6,CHEMBL25942
XYZ-000119,XYZ-000119-01,10/10/2024 - T1 & A1,10/10/2024,A1,Biochemical,XYZ-000119-01,Needs Review,nM,NB-0041-02,-2.192866325,.0000,0.000000027,,-3.828358173,-10.490961075,Protein Batch 1,T1 A1,>10000.00,>,10000.0,0.762420952,0.035731789,T1,TA1,,0.812475383,,,2,">100000.00, >10000.00",55000.0,63639.6,CHEMBL11490
XYZ-000119,XYZ-000119-01,10/16/2024 - T1 & A1,10/16/2024,A1,Biochemical,XYZ-000119-01,PASS,nM,NB-0027-02,11.078681946,2702528.5000,0.002716767,,100.000000000,2.827698231,Protein Batch 1,T1 A1,>100000.00,>,100000.0,-0.000000000,0.026761778,T1,TA1,,0.886359990,,,2,">100000.00, >10000.00",55000.0,63639.6,CHEMBL12953
XYZ-000120,XYZ-000120-01,10/10/2024 - T1 & A1,10/10/2024,A1,Biochemical,XYZ-000120-01,Needs Review,nM,NB-0041-02,-1.096254468,.0000,0.000000003,,-1.783716440,-8.937443733,Protein Batch 1,T1 A1,>10000.00,>,10000.0,0.846646905,0.035731789,T1,TA1,,0.812475383,,,2,">10000.00, >100000.00",55000.0,63639.6,CHEMBL20920
XYZ-000120,XYZ-000120-01,10/16/2024 - T1 & A1,10/16/2024,A1,Biochemical,XYZ-000120-01,PASS,nM,NB-0027-02,0.558026969,9129466.0000,0.008284434,,100.000000000,-2.784813404,Protein Batch 1,T1 A1,>100000.00,>,100000.0,0.577381253,0.026761778,T1,TA1,,0.886359990,,,2,">10000.00, >100000.00",55000.0,63639.6,CHEMBL36868
XYZ-000121,XYZ-000121-01,10/16/2024 - T1 & A1,10/16/2024,A1,Biochemical,XYZ-000121-01,PASS,nM,NB-0027-02,0.370174766,75859400.0000,0.055724815,,100.000000000,-6.047841072,Protein Batch 1,T1 A1,>100000.00,>,100000.0,0.515944839,0.026761778,T1,TA1,,0.886359990,,,2,">10000.00, >100000.00",55000.0,63639.6,CHEMBL25202
XYZ-000121,XYZ-000121-01,10/10/2024 - T1 & A1,10/10/2024,A1,Biochemical,XYZ-000121-01,Needs Review,nM,NB-0041-02,-0.842888832,.0000,0.000000010,,-4.238227844,-9.287402153,Protein Batch 1,T1 A1,>10000.00,>,10000.0,0.766074061,0.035731789,T1,TA1,,0.812475383,,,2,">10000.00, >100000.00",55000.0,63639.6,CHEMBL45204
XYZ-000122,XYZ-000122-01,10/16/2024 - T1 & A1,10/16/2024,A1,Biochemical,XYZ-000122-01,PASS,nM,NB-0027-02,1.201381087,1185728.1250,0.001194601,,100.000000000,0.445826262,Protein Batch 1,T1 A1,>100000.00,>,100000.0,0.270372301,0.026761778,T1,TA1,,0.886359990,,,2,">10000.00, >100000.00",55000.0,63639.6,CHEMBL39880
XYZ-000122,XYZ-000122-01,10/10/2024 - T1 & A1,10/10/2024,A1,Biochemical,XYZ-000122-01,Needs Review,nM,NB-0041-02,-0.756917238,.0000,0.000000028,,3.933356047,-1.022491455,Protein Batch 1,T1 A1,>10000.00,>,10000.0,0.832506955,0.035731789,T1,TA1,,0.812475383,,,2,">10000.00, >100000.00",55000.0,63639.6,CHEMBL43033
XYZ-000123,XYZ-000123-01,10/16/2024 - T1 & A1,10/16/2024,A1,Biochemical,XYZ-000123-01,PASS,nM,NB-0027-02,0.499878943,10768257.0000,0.010091264,,100.000000000,-1.649546504,Protein Batch 1,T1 A1,>100000.00,>,100000.0,0.837778687,0.030401800,T1,TA1,,0.898608446,,,2,">100000.00, >10000.00",55000.0,63639.6,CHEMBL13436
XYZ-000123,XYZ-000123-01,10/10/2024 - T1 & A1,10/10/2024,A1,Biochemical,XYZ-000123-01,Needs Review,nM,NB-0041-02,1.622181177,.0000,0.000000323,,5.216269970,4.021717072,Protein Batch 1,T1 A1,>10000.00,>,10000.0,0.148439392,0.030653695,T1,TA1,,0.876269400,,,2,">100000.00, >10000.00",55000.0,63639.6,CHEMBL16356
XYZ-000124,XYZ-000124-01,10/10/2024 - T1 & A1,10/10/2024,A1,Biochemical,XYZ-000124-01,Needs Review,nM,NB-0041-02,-2.958348036,.0000,0.000000005,,5.605125427,1.417314410,Protein Batch 1,T1 A1,>10000.00,>,10000.0,0.574644864,0.030653695,T1,TA1,,0.876269400,,,2,">10000.00, >100000.00",55000.0,63639.6,CHEMBL45599
XYZ-000124,XYZ-000124-01,10/16/2024 - T1 & A1,10/16/2024,A1,Biochemical,XYZ-000124-01,PASS,nM,NB-0027-02,2.526471615,389779.6563,0.000391337,,100.000000000,0.501294732,Protein Batch 1,T1 A1,>100000.00,>,100000.0,0.080343485,0.030401800,T1,TA1,,0.898608446,,,2,">10000.00, >100000.00",55000.0,63639.6,CHEMBL11907
XYZ-000125,XYZ-000125-01,10/10/2024 - T1 & A1,10/10/2024,A1,Biochemical,XYZ-000125-01,Needs Review,nM,NB-0041-02,5.589015484,.0000,0.000000213,,3.446286440,6.832952023,Protein Batch 1,T1 A1,>10000.00,>,10000.0,0.200097904,0.030653695,T1,TA1,,0.876269400,,,2,">100000.00, >10000.00",55000.0,63639.6,CHEMBL26581
XYZ-000125,XYZ-000125-01,10/16/2024 - T1 & A1,10/16/2024,A1,Biochemical,XYZ-000125-01,PASS,nM,NB-0027-02,0.863738477,2583828.7500,0.002480149,,100.000000000,-1.800319195,Protein Batch 1,T1 A1,>100000.00,>,100000.0,0.559388876,0.030401800,T1,TA1,,0.898608446,,,2,">100000.00, >10000.00",55000.0,63639.6,CHEMBL36448
XYZ-000126,XYZ-000126-01,10/10/2024 - T1 & A1,10/10/2024,A1,Biochemical,XYZ-000126-01,Needs Review,nM,NB-0041-02,2.951227427,23618.8770,0.000027000,,120.000000000,2.981662750,Protein Batch 1,T1 A1,>10000.00,>,10000.0,0.220776215,0.030653695,T1,TA1,,0.876269400,,,2,">100000.00, >10000.00",55000.0,63639.6,CHEMBL10114
XYZ-000126,XYZ-000126-01,10/16/2024 - T1 & A1,10/16/2024,A1,Biochemical,XYZ-000126-01,PASS,nM,NB-0027-02,0.696084619,12058193.0000,0.011054482,,100.000000000,-3.118145943,Protein Batch 1,T1 A1,>100000.00,>,100000.0,0.349585772,0.030401800,T1,TA1,,0.898608446,,,2,">100000.00, >10000.00",55000.0,63639.6,CHEMBL41017
XYZ-000127,XYZ-000127-01,10/10/2024 - T1 & A1,10/10/2024,A1,Biochemical,XYZ-000127-01,Needs Review,nM,NB-0041-02,0.842104793,.0000,0.000010500,,24.985000610,2.928100824,Protein Batch 1,T1 A1,>10000.00,>,10000.0,0.518923581,0.030653695,T1,TA1,,0.876269400,,,2,">10000.00, >100000.00",55000.0,63639.6,CHEMBL23065
XYZ-000127,XYZ-000127-01,10/16/2024 - T1 & A1,10/16/2024,A1,Biochemical,XYZ-000127-01,PASS,nM,NB-0027-02,0.948325932,281412.8750,0.000250743,,100.000000000,-5.782216549,Protein Batch 1,T1 A1,>100000.00,>,100000.0,0.975737274,0.030401800,T1,TA1,,0.898608446,,,2,">10000.00, >100000.00",55000.0,63639.6,CHEMBL10704
XYZ-000128,XYZ-000128-01,10/10/2024 - T1 & A1,10/10/2024,A1,Biochemical,XYZ-000128-01,Needs Review,nM,NB-0041-02,29.152929306,.0000,0.000000065,,7.870839119,2.476011276,Protein Batch 1,T1 A1,>10000.00,>,10000.0,0.384319186,0.030653695,T1,TA1,,0.876269400,,,2,">100000.00, >10000.00",55000.0,63639.6,CHEMBL26868
XYZ-000128,XYZ-000128-01,10/16/2024 - T1 & A1,10/16/2024,A1,Biochemical,XYZ-000128-01,PASS,nM,NB-0027-02,0.990428448,4008008.5000,0.003595389,,100.000000000,-5.680247784,Protein Batch 1,T1 A1,>100000.00,>,100000.0,0.245406210,0.030401800,T1,TA1,,0.898608446,,,2,">100000.00, >10000.00",55000.0,63639.6,CHEMBL35166